Quantity,Cost,Lead_Time_days,Cost_per_unit,Actual,Predicted
17,3395.24,8,199.72,0,0
14,2508.38,5,179.17,1,1
7,950.67,7,135.81,0,0
15,2700.3,11,180.02,0,0
9,1335.96,4,148.44,0,0
7,750.89,7,107.27,0,0
10,1977.2,8,197.72,1,0
9,1192.14,6,132.46,0,0
11,1941.72,7,176.52,0,0
11,1622.28,10,147.48,0,0
15,1620.3,9,108.02,0,0
9,1474.38,8,163.82,0,0
9,993.87,9,110.43,0,0
14,1186.22,10,84.73,0,0
12,1315.08,6,109.59,1,0
8,1170.24,10,146.28,0,0
13,1145.95,6,88.15,0,0
13,1517.75,10,116.75,0,0
12,1612.68,3,134.39,0,0
9,1510.56,7,167.84,0,0
12,1224.84,5,102.07,0,0
7,1262.59,2,180.37,0,1
9,1386.36,6,154.04,1,0
11,1593.79,9,144.89,0,0
12,2366.76,9,197.23,0,0
8,1342,8,167.75,0,0
10,611.6,9,61.16,0,0
13,1066,4,82,0,0
12,953.04,6,79.42,1,1
15,948.45,25,63.23,0,0
7,659.19,8,94.17,0,1
13,1830.4,9,140.8,0,0
9,807.21,7,89.69,0,0
13,2200.25,6,169.25,0,0
14,2606.38,12,186.17,0,0
13,1070.03,10,82.31,0,0
10,1218.3,7,121.83,0,0
6,434.64,7,72.44,1,1
8,1060.64,5,132.58,0,0
15,2275.2,5,151.68,0,0
11,1813.57,8,164.87,0,0
7,892.01,8,127.43,0,0
8,1056.32,5,132.04,0,0
8,1176.08,23,147.01,0,0
10,861.2,6,86.12,1,0
11,1912.24,10,173.84,0,0
10,631.1,7,63.11,0,0
9,579.06,5,64.34,0,0
8,1198.96,7,149.87,0,0
8,1348.88,7,168.61,0,0
19,2136.74,5,112.46,1,0
10,1523,10,152.3,0,0
12,1135.8,3,94.65,1,0
8,1090.8,9,136.35,0,0
11,553.74,7,50.34,0,0
9,749.79,6,83.31,0,0
14,2777.04,9,198.36,0,0
11,1333.31,8,121.21,1,0
10,685.8,12,68.58,1,0
12,1565.64,11,130.47,0,0
12,1715.4,10,142.95,0,0
17,1997.84,10,117.52,1,0
13,2075.97,10,159.69,0,0
15,2611.95,3,174.13,0,0
12,2192.76,11,182.73,0,0
13,783.9,6,60.3,0,1
11,909.81,11,82.71,1,0
9,1590.48,12,176.72,0,0
9,993.15,7,110.35,1,0
11,2096.05,7,190.55,1,0
15,1132.05,11,75.47,0,0
12,1473.48,7,122.79,1,0
16,1837.12,8,114.82,0,0
9,1709.19,11,189.91,0,0
19,1154.25,12,60.75,0,0
8,569.6,2,71.2,1,0
10,562.7,8,56.27,0,0
8,1299.28,4,162.41,1,0
9,1178.73,7,130.97,0,1
9,1098.09,7,122.01,0,1
13,1466.01,8,112.77,0,0
10,1671.7,25,167.17,0,0
16,1613.6,7,100.85,0,0
12,1036.32,9,86.36,0,0
11,1251.8,22,113.8,0,0
7,511.91,7,73.13,0,0
10,1741.2,21,174.12,1,0
9,928.44,8,103.16,0,0
18,1276.74,11,70.93,1,0
18,999.36,10,55.52,0,0
8,590.16,10,73.77,1,0
11,555.72,8,50.52,0,0
15,2545.35,11,169.69,0,0
15,1371.45,5,91.43,0,0
10,553,11,55.3,0,0
12,2055.12,6,171.26,0,0
16,1612.96,8,100.81,0,0
10,1555.6,7,155.56,0,0
14,2777.04,7,198.36,0,0
11,1941.5,8,176.5,0,0
8,712.88,9,89.11,0,0
9,588.51,9,65.39,0,0
13,2054.91,8,158.07,0,1
14,2275,10,162.5,0,0
14,2443.14,6,174.51,0,1
9,1400.31,11,155.59,0,0
17,3338.97,9,196.41,0,0
10,1362.9,13,136.29,0,0
10,1874.7,9,187.47,0,0
10,1843.5,12,184.35,0,0
9,1020.42,12,113.38,0,0
6,1130.88,10,188.48,0,0
11,682.55,9,62.05,0,0
8,1346.48,10,168.31,0,0
14,1705.9,1,121.85,1,1
9,1789.74,10,198.86,0,0
9,1657.26,8,184.14,0,0
9,1404,6,156,1,0
12,1528.68,6,127.39,1,0
17,1860.65,10,109.45,0,0
15,2066.4,5,137.76,1,0
16,2203.36,10,137.71,0,0
14,1446.2,7,103.3,0,0
13,2392.26,9,184.02,0,0
11,893.53,7,81.23,0,1
11,1816.54,11,165.14,0,0
12,1103.16,5,91.93,0,1
11,1936.44,10,176.04,0,0
10,545,8,54.5,0,0
12,2155.68,10,179.64,0,0
13,2189.85,5,168.45,1,0
13,1357.07,7,104.39,1,1
9,580.95,10,64.55,0,0
12,2131.44,7,177.62,0,0
14,2596.02,7,185.43,0,1
13,1698.19,10,130.63,0,0
12,801.96,3,66.83,0,1
7,716.94,5,102.42,1,0
10,1016.4,10,101.64,0,0
14,2678.06,10,191.29,0,0
12,917.28,12,76.44,0,0
10,1097.1,6,109.71,0,0
12,1053.24,6,87.77,0,0
6,719.28,12,119.88,0,0
8,1502.72,13,187.84,0,0
11,2008.6,3,182.6,0,0
13,1130.87,8,86.99,0,1
6,961.14,23,160.19,1,0
13,753.74,22,57.98,0,1
7,737.59,7,105.37,0,1
10,959.5,9,95.95,0,0
11,572.22,6,52.02,1,0
12,1274.76,6,106.23,0,0
8,876.64,8,109.58,0,0
14,1240.68,9,88.62,1,0
13,1154.01,25,88.77,0,0
10,721.2,6,72.12,0,0
10,1670.5,2,167.05,1,1
5,867.4,3,173.48,1,0
12,668.52,10,55.71,0,1
13,739.05,8,56.85,0,0
6,1066.74,6,177.79,0,0
11,755.81,6,68.71,1,0
16,1240.64,7,77.54,1,0
7,956.13,7,136.59,0,0
8,427.28,9,53.41,0,0
9,483.21,9,53.69,0,0
11,1802.68,10,163.88,0,0
17,1929.67,10,113.51,1,0
12,1277.28,8,106.44,0,0
12,707.04,8,58.92,0,0
10,698.3,22,69.83,0,0
12,680.52,7,56.71,0,0
18,2526.3,10,140.35,0,0
12,821.4,4,68.45,0,1
13,2266.68,6,174.36,0,0
9,1100.97,9,122.33,1,0
10,1963.3,7,196.33,0,1
13,2061.15,12,158.55,0,0
10,1765.4,9,176.54,0,0
16,2497.12,7,156.07,0,0
11,685.08,7,62.28,1,0
12,1456.8,10,121.4,0,0
12,1109.16,9,92.43,0,0
10,1560,4,156,1,0
18,977.58,7,54.31,0,0
8,963.76,10,120.47,0,0
9,1314.9,8,146.1,0,1
9,1586.79,4,176.31,1,1
16,3155.2,7,197.2,0,1
11,556.05,6,50.55,0,0
8,833.92,21,104.24,0,0
12,988.8,5,82.4,0,1
9,938.61,5,104.29,0,0
8,517.92,10,64.74,0,0
11,2172.17,13,197.47,0,0
13,2146.3,8,165.1,0,0
9,729.09,5,81.01,0,1
13,1069.9,9,82.3,0,0
10,1220.6,10,122.06,0,0
9,1050.75,10,116.75,0,0
13,1230.32,12,94.64,0,0
8,558.4,13,69.8,0,0
10,913.7,4,91.37,0,0
18,1391.22,5,77.29,0,0
10,675.4,7,67.54,1,0
10,709.6,9,70.96,0,0
10,699,9,69.9,0,0
15,1990.65,2,132.71,0,1
9,1227.69,8,136.41,0,1
14,987.28,10,70.52,0,0
11,933.24,8,84.84,1,0
9,1370.97,3,152.33,1,1
8,446.48,6,55.81,0,0
10,622.8,7,62.28,1,1
16,2926.4,8,182.9,1,0
11,767.03,9,69.73,0,0
10,537.5,7,53.75,0,0
6,1110.3,9,185.05,1,0
13,897.13,7,69.01,0,0
12,1497.84,12,124.82,0,0
13,1935.31,9,148.87,0,0
11,1707.75,24,155.25,0,0
14,706.72,7,50.48,1,0
13,2581.02,7,198.54,0,0
8,1565.12,4,195.64,1,0
5,505.4,8,101.08,0,0
12,1515.6,10,126.3,0,0
8,928.16,10,116.02,0,0
18,3372.66,12,187.37,0,0
5,343.2,11,68.64,1,0
13,2023.06,5,155.62,0,1
11,650.32,11,59.12,0,0
17,2550,7,150,1,0
11,1931.05,10,175.55,0,0
17,2058.19,7,121.07,0,0
9,1503.63,6,167.07,1,0
19,1405.05,5,73.95,1,0
13,1152.45,13,88.65,0,0
11,916.74,1,83.34,1,1
10,503.4,21,50.34,1,1
10,1171.2,10,117.12,0,0
10,1431.9,4,143.19,0,1
13,1961.57,8,150.89,0,0
10,1014.5,24,101.45,0,0
9,961.38,7,106.82,0,0
9,1154.7,8,128.3,0,0
12,1540.56,11,128.38,0,0
14,2724.12,10,194.58,1,0
12,1242.36,5,103.53,0,0
14,1014.58,6,72.47,0,1
6,326.4,10,54.4,0,0
8,851.28,8,106.41,0,0
7,1066.66,6,152.38,0,0
18,1121.4,4,62.3,0,0
13,1095.38,4,84.26,1,0
12,2128.56,6,177.38,0,0
16,2714.08,9,169.63,1,0
12,2235.96,7,186.33,0,0
12,1415.64,11,117.97,0,0
8,872.08,6,109.01,0,1
11,865.15,25,78.65,0,0
13,1812.07,8,139.39,1,0
14,1270.92,6,90.78,0,1
14,1115.1,7,79.65,0,0
13,2413.71,8,185.67,0,0
5,352.65,5,70.53,1,0
4,578.16,12,144.54,0,0
13,1773.07,12,136.39,0,0
10,1104.8,9,110.48,0,0
14,2243.92,11,160.28,0,0
10,1183.6,10,118.36,0,0
9,1420.92,8,157.88,1,0
9,1171.53,9,130.17,0,1
16,2128.16,5,133.01,0,0
14,1067.08,5,76.22,0,0
10,1276.6,6,127.66,1,0
14,2747.78,6,196.27,1,0
6,456,9,76,0,0
6,933.96,7,155.66,0,0
9,1301.58,8,144.62,0,0
12,1944,8,162,0,0
8,1117.36,7,139.67,1,1
12,1222.2,21,101.85,1,1
8,797.92,8,99.74,0,0
12,1846.44,9,153.87,0,1
7,1194.48,12,170.64,0,0
13,1002.17,11,77.09,0,0
11,2189.44,14,199.04,0,0
13,1452.75,9,111.75,0,0
14,2538.06,26,181.29,0,0
12,625.32,12,52.11,0,0
12,756,9,63,0,0
16,2611.36,26,163.21,0,0
12,1917.12,8,159.76,0,0
8,1567.28,8,195.91,0,0
7,385.28,7,55.04,1,1
8,943.92,8,117.99,0,0
6,808.2,10,134.7,1,0
13,1938.82,12,149.14,0,0
10,1218.2,8,121.82,0,0
12,768,11,64,0,0
10,1711.2,7,171.12,1,0
12,2236.56,9,186.38,0,0
9,668.52,10,74.28,0,0
17,3187.84,5,187.52,1,1
10,1673.7,3,167.37,1,1
9,836.46,7,92.94,0,0
15,1703.4,15,113.56,0,0
11,2025.43,11,184.13,0,0
7,1007.51,24,143.93,0,0
15,753.3,14,50.22,0,0
7,459.62,6,65.66,1,0
10,1723.9,6,172.39,1,1
6,869.1,6,144.85,1,0
9,1020.24,10,113.36,0,0
14,1374.38,8,98.17,0,0
10,776.6,6,77.66,0,0
11,2135.87,9,194.17,1,0
8,850.32,9,106.29,0,0
8,867.36,9,108.42,0,0
9,813.06,6,90.34,1,0
14,1825.74,9,130.41,0,1
8,1388.72,9,173.59,0,0
5,475.65,24,95.13,0,0
4,357.12,9,89.28,0,0
12,1761.84,15,146.82,0,0
14,2507.54,12,179.11,0,0
5,494.85,4,98.97,0,1
14,1668.1,9,119.15,0,0
9,1794.6,9,199.4,0,0
10,1367.7,6,136.77,0,0
7,971.11,10,138.73,0,0
9,1474.29,7,163.81,0,0
9,1713.06,5,190.34,1,0
14,1404.62,7,100.33,0,0
10,1052.5,8,105.25,0,0
13,1576.64,8,121.28,0,0
10,522,11,52.2,0,0
9,913.77,7,101.53,0,1
14,1933.26,13,138.09,0,0
12,2215.44,6,184.62,1,0
14,1116.92,7,79.78,0,0
12,1489.56,10,124.13,0,0
10,766.7,10,76.67,0,0
6,435.06,8,72.51,0,0
9,1617.75,8,179.75,0,0
12,813.72,8,67.81,1,0
11,1238.05,7,112.55,0,0
12,898.44,22,74.87,0,0
13,1139.32,8,87.64,0,0
12,1545.6,25,128.8,0,0
10,1440.5,9,144.05,0,0
8,1425.84,8,178.23,0,0
10,694.4,11,69.44,0,0
9,1086.12,9,120.68,0,1
12,1569.72,6,130.81,0,1
13,2203.11,8,169.47,0,0
7,545.02,8,77.86,0,0
7,1398.53,24,199.79,0,0
17,1409.81,8,82.93,1,0
15,2335.05,16,155.67,0,0
10,587.9,7,58.79,0,0
4,249.04,9,62.26,0,0
8,860.32,3,107.54,0,0
15,1016.85,6,67.79,1,0
11,1644.39,11,149.49,0,0
13,1708.72,9,131.44,0,0
8,1223.68,9,152.96,0,0
9,1120.95,8,124.55,0,0
8,1542.64,3,192.83,0,0
6,999.24,5,166.54,0,1
10,770.1,9,77.01,1,0
13,714.09,6,54.93,0,0
10,1179.3,5,117.93,1,0
8,439.44,6,54.93,0,1
8,776.16,11,97.02,0,0
12,1981.44,8,165.12,0,0
11,2169.31,13,197.21,0,0
9,711.09,7,79.01,0,0
14,2213.82,9,158.13,0,0
11,928.62,10,84.42,1,0
8,1266.72,11,158.34,0,0
13,1411.67,8,108.59,0,0
11,1047.64,9,95.24,0,1
10,1854.7,9,185.47,0,0
11,2044.24,12,185.84,0,0
7,1069.6,7,152.8,0,1
8,1499.76,7,187.47,0,1
14,955.22,9,68.23,0,0
13,1913.21,10,147.17,0,0
13,942.5,10,72.5,0,0
16,3120.64,11,195.04,0,0
9,912.42,9,101.38,0,0
9,974.61,9,108.29,0,1
16,2584.32,9,161.52,1,0
11,809.82,2,73.62,1,0
10,1229.9,5,122.99,0,0
11,1192.29,5,108.39,0,0
14,1583.54,9,113.11,0,0
10,1976.2,7,197.62,0,0
6,443.52,5,73.92,1,0
10,1845.1,9,184.51,0,0
5,634.5,8,126.9,0,0
10,1834.6,6,183.46,0,1
14,1321.32,6,94.38,1,0
23,4315.72,7,187.64,0,0
9,985.59,9,109.51,0,0
12,1404.12,6,117.01,1,0
16,858.56,3,53.66,1,1
9,1102.5,3,122.5,1,0
10,743.4,6,74.34,0,0
8,1266.4,7,158.3,0,0
14,1885.94,8,134.71,0,0
11,1830.07,4,166.37,1,0
14,2436.98,5,174.07,1,1
4,257.24,4,64.31,1,0
7,890.68,7,127.24,1,0
7,1250.27,8,178.61,0,1
15,1983.6,12,132.24,0,0
17,2191.98,5,128.94,0,0
16,1399.04,7,87.44,0,0
17,3135.82,6,184.46,1,0
10,857,10,85.7,0,0
13,2118.35,8,162.95,0,0
11,859.87,5,78.17,1,1
10,645.8,7,64.58,0,0
13,896.22,20,68.94,0,1
4,707.32,11,176.83,0,0
12,1399.56,21,116.63,1,0
12,996.6,9,83.05,0,0
6,1053.48,8,175.58,0,0
9,1220.4,9,135.6,0,0
9,965.16,9,107.24,0,0
11,2048.64,2,186.24,1,0
7,937.72,8,133.96,0,0
14,1225,8,87.5,1,0
11,1578.83,12,143.53,0,0
8,725.28,9,90.66,0,0
7,1297.31,8,185.33,1,0
13,2354.43,7,181.11,0,1
10,1551,13,155.1,0,0
13,1425.58,8,109.66,0,0
10,1575.7,10,157.57,0,0
17,1087.32,4,63.96,0,0
3,387.24,10,129.08,0,0
7,1132.6,4,161.8,0,0
12,2264.88,14,188.74,0,0
12,701.64,7,58.47,1,0
10,816.4,6,81.64,1,0
11,1022.78,7,92.98,1,0
6,537.9,10,89.65,0,0
14,1544.9,7,110.35,0,0
13,1919.84,7,147.68,0,0
13,1099.54,12,84.58,0,0
8,1464.24,11,183.03,0,0
12,1641.6,9,136.8,1,0
8,819.04,7,102.38,0,1
11,2192.19,6,199.29,1,1
9,1433.97,7,159.33,0,0
7,1195.67,7,170.81,0,0
8,1167.36,7,145.92,0,0
15,2411.1,10,160.74,0,0
12,2271.96,6,189.33,0,0
9,1754.55,25,194.95,0,0
13,2053.22,10,157.94,0,0
13,1610.44,9,123.88,0,0
7,1339.66,8,191.38,1,0
9,1385.28,7,153.92,1,1
13,1337.44,9,102.88,0,0
8,892.64,8,111.58,0,1
11,982.74,13,89.34,0,0
12,997.56,24,83.13,0,0
13,684.19,4,52.63,0,0
12,2325.84,8,193.82,0,0
9,1609.56,8,178.84,0,0
8,1215.28,10,151.91,0,0
14,1649.48,6,117.82,0,0
9,593.91,22,65.99,0,0
6,874.2,4,145.7,1,1
11,1623.49,22,147.59,0,0
10,787.2,9,78.72,0,0
14,1859.62,7,132.83,0,0
13,2298.4,8,176.8,0,0
12,2194.32,10,182.86,1,0
10,1172.5,12,117.25,0,0
7,443.73,8,63.39,1,0
8,1565.2,5,195.65,0,0
3,545.88,10,181.96,0,0
7,1204.77,11,172.11,0,0
5,733.15,22,146.63,0,1
11,2140.6,14,194.6,0,0
7,735.7,9,105.1,0,0
13,2298.92,4,176.84,1,1
13,2436.59,8,187.43,0,1
7,1173.62,4,167.66,1,0
14,1300.6,8,92.9,0,0
17,1097.35,5,64.55,0,0
9,1275.75,11,141.75,0,0
12,1596.36,8,133.03,0,0
12,1859.76,12,154.98,0,0
8,1291.68,25,161.46,0,0
9,468.72,9,52.08,0,0
17,1149.54,7,67.62,0,0
12,1646.16,11,137.18,0,0
12,1947.12,6,162.26,0,0
13,1341.21,7,103.17,1,0
11,1427.69,7,129.79,0,0
11,821.37,10,74.67,0,0
10,840.7,8,84.07,0,0
8,1423.76,5,177.97,1,0
5,614.2,8,122.84,0,0
14,1503.46,22,107.39,1,0
7,913.78,20,130.54,0,1
14,1267.42,10,90.53,0,0
8,1387.12,12,173.39,0,0
5,289.55,6,57.91,1,0
8,1314.16,9,164.27,0,0
9,701.37,11,77.93,0,0
14,1376.62,10,98.33,0,0
8,1284.72,6,160.59,1,1
11,1675.3,10,152.3,0,0
11,1694.44,14,154.04,0,0
6,584.16,7,97.36,0,0
10,1850.1,6,185.01,0,0
13,1020.11,8,78.47,1,0
9,1579.23,24,175.47,0,0
13,904.8,9,69.6,0,0
8,618,9,77.25,0,0
17,881.11,7,51.83,0,0
10,1133.9,12,113.39,0,0
9,1495.62,6,166.18,0,1
10,1141.4,10,114.14,0,0
13,2167.36,8,166.72,1,1
10,1359.5,7,135.95,1,1
11,754.93,7,68.63,0,0
7,818.44,11,116.92,1,0
12,2126.16,9,177.18,0,0
11,566.06,24,51.46,0,0
13,2579.46,9,198.42,0,0
17,1582.87,24,93.11,0,0
11,1641.86,5,149.26,0,1
7,1186.57,6,169.51,0,0
7,853.23,8,121.89,0,0
10,1532.6,9,153.26,0,0
9,1681.29,15,186.81,0,0
11,1805.65,8,164.15,0,0
16,3167.52,9,197.97,0,0
10,1059.7,5,105.97,1,0
11,1160.72,5,105.52,1,0
11,736.34,6,66.94,1,1
10,667.1,6,66.71,0,1
5,947.7,6,189.54,0,0
15,1117.65,7,74.51,1,0
16,1851.36,10,115.71,0,0
14,2367.68,7,169.12,0,0
10,1913.1,10,191.31,0,0
8,1454.32,10,181.79,0,0
13,1363.83,7,104.91,0,0
11,725.56,12,65.96,0,0
10,1717.8,23,171.78,0,0
14,868.56,6,62.04,0,1
13,1093.56,7,84.12,0,0
6,1018.68,7,169.78,0,1
14,2301.88,8,164.42,0,0
8,1589.52,9,198.69,0,0
11,1637.46,8,148.86,0,0
11,2029.17,6,184.47,1,0
4,437.92,11,109.48,0,0
11,624.91,6,56.81,1,0
12,1003.32,6,83.61,0,0
14,1831.62,11,130.83,0,0
11,2172.83,8,197.53,0,0
8,769.92,9,96.24,0,1
10,1263.7,11,126.37,0,0
13,1318.85,10,101.45,0,0
11,1366.64,9,124.24,0,0
8,761.52,13,95.19,0,0
11,2090.33,9,190.03,0,0
14,1277.36,8,91.24,0,0
5,929.75,9,185.95,0,1
9,735.75,5,81.75,1,1
7,1125.67,9,160.81,0,0
7,1281.98,20,183.14,0,1
10,1034,9,103.4,0,0
10,1809.4,4,180.94,0,1
8,442.4,4,55.3,1,1
10,1946,8,194.6,0,0
15,1890.6,10,126.04,0,0
18,1088.46,9,60.47,0,0
12,1479.72,7,123.31,1,1
15,2191.65,8,146.11,0,0
12,1519.68,13,126.64,0,0
13,893.88,11,68.76,0,0
10,699.1,9,69.91,1,0
13,835.64,25,64.28,0,0
16,1259.84,4,78.74,0,1
10,1110.9,13,111.09,0,0
10,1618.1,6,161.81,0,0
10,1772.4,11,177.24,0,0
22,2556.84,8,116.22,0,0
13,1680.12,6,129.24,0,0
14,1277.22,6,91.23,0,0
12,2006.4,10,167.2,0,0
17,2435.42,12,143.26,0,0
13,1919.84,7,147.68,0,0
11,1794.98,10,163.18,0,0
9,540.9,3,60.1,1,1
12,2306.88,10,192.24,0,1
12,860.76,6,71.73,0,0
10,1979.5,8,197.95,1,0
10,1630.2,7,163.02,0,0
10,1439.1,6,143.91,0,0
10,602.5,8,60.25,0,0
11,652.85,6,59.35,0,0
4,530.32,5,132.58,1,0
6,608.52,6,101.42,0,0
7,849.87,12,121.41,0,0
10,704.1,9,70.41,0,1
15,2888.7,10,192.58,0,0
19,2957.16,6,155.64,0,0
12,1070.4,7,89.2,1,0
18,3162.42,8,175.69,0,0
11,1576.41,13,143.31,0,0
12,703.2,6,58.6,1,1
11,1184.59,6,107.69,0,1
7,872.97,8,124.71,0,0
15,1160.85,27,77.39,0,0
15,1017.6,5,67.84,0,0
9,1722.6,7,191.4,0,0
17,2986.39,8,175.67,1,0
11,2156.55,6,196.05,1,1
23,3097.64,12,134.68,0,0
12,1865.28,9,155.44,0,0
10,1544.5,9,154.45,0,0
8,1378.64,10,172.33,0,0
14,810.6,9,57.9,1,0
11,1194.93,9,108.63,0,0
16,1249.44,8,78.09,0,0
15,1471.65,6,98.11,0,0
10,1326,6,132.6,0,0
10,617.6,9,61.76,0,0
11,1945.24,10,176.84,0,0
6,1174.44,11,195.74,0,0
11,790.35,6,71.85,0,0
13,1897.09,9,145.93,0,0
10,789.8,23,78.98,0,0
13,1667.25,6,128.25,1,1
9,545.67,3,60.63,1,1
8,484.08,7,60.51,0,0
8,727.12,6,90.89,1,1
10,1394.3,7,139.43,1,0
7,955.01,10,136.43,0,0
7,872.48,6,124.64,0,1
10,1929.2,6,192.92,0,0
9,881.82,9,97.98,0,0
9,1183.59,23,131.51,0,1
10,1814.6,6,181.46,0,0
12,2302.92,13,191.91,0,0
11,1202.96,7,109.36,1,0
12,2301.96,11,191.83,0,0
8,1517.52,7,189.69,0,0
8,572.56,6,71.57,0,0
13,2220.01,11,170.77,0,0
9,1108.26,10,123.14,0,0
17,937.55,24,55.15,0,0
13,863.85,8,66.45,0,1
10,885.9,10,88.59,0,0
15,2569.2,10,171.28,0,0
18,2073.78,10,115.21,0,0
11,1567.5,10,142.5,0,0
13,1764.36,9,135.72,1,0
9,1666.8,7,185.2,0,0
6,740.64,7,123.44,0,0
7,607.04,8,86.72,0,0
10,1449.7,10,144.97,0,0
12,1782.72,8,148.56,0,0
7,731.5,12,104.5,1,0
8,1076.24,7,134.53,1,0
12,2220.84,11,185.07,0,0
17,1919.13,7,112.89,0,0
17,1376.49,3,80.97,1,0
9,1402.83,8,155.87,1,0
13,1647.88,2,126.76,1,1
8,1569.52,6,196.19,0,0
11,1027.4,12,93.4,0,0
12,1657.56,26,138.13,0,0
9,961.83,5,106.87,0,0
7,437.36,21,62.48,1,1
14,1986.74,6,141.91,1,0
11,1312.96,6,119.36,0,0
12,746.4,4,62.2,0,1
14,2120.16,6,151.44,0,1
10,807.1,22,80.71,0,0
7,662.48,11,94.64,0,0
12,1151.16,10,95.93,0,0
13,1270.75,10,97.75,0,0
11,2174.04,8,197.64,0,0
9,1241.19,10,137.91,0,0
12,918.72,10,76.56,0,0
8,608.88,10,76.11,0,0
4,797.16,9,199.29,0,0
12,1653.12,12,137.76,1,0
11,1814.23,5,164.93,0,0
9,1522.17,12,169.13,0,0
10,1413.5,9,141.35,1,0
14,2572.64,7,183.76,0,0
8,729.92,12,91.24,0,0
9,1098.72,14,122.08,0,0
13,1687.01,6,129.77,1,0
11,1217.92,7,110.72,0,1
13,1068.08,24,82.16,0,0
11,1399.2,7,127.2,1,1
10,915.2,7,91.52,1,0
11,2067.12,7,187.92,0,0
10,834,10,83.4,0,0
11,1405.91,3,127.81,1,1
11,925.98,10,84.18,1,0
12,1859.52,10,154.96,0,0
4,766.96,8,191.74,0,0
11,1958.22,6,178.02,0,0
8,1570.4,10,196.3,0,0
15,2527.65,12,168.51,0,0
7,700,6,100,1,0
8,964.24,4,120.53,0,0
18,3090.24,10,171.68,1,0
11,970.09,6,88.19,0,0
11,1646.15,10,149.65,0,0
8,1474.24,7,184.28,0,0
9,733.59,22,81.51,0,0
7,1366.54,9,195.22,0,0
16,947.52,7,59.22,0,0
12,1142.4,8,95.2,0,0
11,2114.42,9,192.22,0,0
5,919.4,6,183.88,0,0
20,1855.2,7,92.76,0,0
10,1313,12,131.3,0,0
13,1945.19,9,149.63,0,0
11,624.03,16,56.73,0,0
14,1175.3,6,83.95,0,1
12,1455.84,12,121.32,0,0
14,2458.68,5,175.62,0,1
17,2040.51,8,120.03,1,0
13,2540.46,12,195.42,0,0
10,948.3,10,94.83,0,0
10,832.9,6,83.29,0,0
8,426.4,7,53.3,0,0
10,1731.8,13,173.18,0,0
14,2344.72,6,167.48,0,1
8,593.6,14,74.2,0,0
14,982.24,9,70.16,0,0
11,574.42,9,52.22,0,0
8,641.12,8,80.14,0,0
8,683.84,7,85.48,1,0
14,1187.2,8,84.8,0,0
7,812.49,8,116.07,0,0
11,1048.63,5,95.33,0,0
7,907.83,8,129.69,0,0
12,2254.44,15,187.87,0,0
13,2393.17,9,184.09,0,0
14,2217.46,11,158.39,0,0
14,1281.84,5,91.56,0,0
17,2040.85,13,120.05,0,0
12,1629.36,7,135.78,1,1
12,2021.76,11,168.48,0,0
15,1472.55,8,98.17,0,0
16,2155.52,9,134.72,0,0
9,1448.73,9,160.97,0,0
9,1163.07,5,129.23,0,0
13,1283.75,7,98.75,0,1
13,1128.79,11,86.83,0,0
4,626.4,5,156.6,1,1
17,1232.5,10,72.5,0,0
8,1047.36,8,130.92,0,1
15,1543.5,7,102.9,0,0
12,1940.4,4,161.7,0,1
15,1470.15,9,98.01,0,0
8,906,23,113.25,0,0
14,1997.1,11,142.65,0,0
9,1514.25,8,168.25,0,0
11,1720.18,8,156.38,0,0
16,3142.72,13,196.42,0,0
10,1877.8,22,187.78,0,0
16,1739.84,7,108.74,0,0
13,1357.46,6,104.42,0,0
13,1248.26,10,96.02,0,0
10,1220.7,5,122.07,0,0
11,762.08,11,69.28,0,0
10,1915.6,6,191.56,0,0
14,1582.28,5,113.02,0,0
19,2819.03,23,148.37,0,0
9,1205.01,12,133.89,0,0
11,1560.57,7,141.87,0,0
17,1231.65,10,72.45,0,0
9,1117.26,8,124.14,0,0
9,682.47,9,75.83,0,0
12,1390.08,7,115.84,0,0
12,1348.2,8,112.35,0,1
7,1325.52,10,189.36,0,0
12,1333.56,15,111.13,0,0
14,2149.84,7,153.56,0,0
14,1470.84,9,105.06,1,0
14,1701,3,121.5,1,0
5,663.05,10,132.61,0,0
9,569.52,9,63.28,0,0
8,1005.76,8,125.72,0,0
10,572.2,7,57.22,0,0
12,1410.84,2,117.57,0,0
16,883.68,9,55.23,0,0
14,2747.22,4,196.23,1,0
10,1870.8,11,187.08,0,0
16,2252.32,9,140.77,0,0
12,1262.4,9,105.2,0,0
12,1621.08,11,135.09,0,0
14,1200.22,3,85.73,0,1
8,463.84,13,57.98,0,0
10,1334.9,8,133.49,0,0
2,360.82,12,180.41,0,0
13,1185.47,10,91.19,0,0
8,409.76,9,51.22,0,0
7,1305.36,9,186.48,0,0
12,2365.44,7,197.12,0,0
11,1444.41,9,131.31,0,0
8,964.88,5,120.61,0,0
8,965.52,6,120.69,1,0
10,1303.6,7,130.36,1,0
12,689.64,8,57.47,1,0
15,1254.15,7,83.61,0,0
9,978.21,14,108.69,0,0
9,1101.96,7,122.44,0,1
3,209.31,6,69.77,0,0
14,1182.58,4,84.47,0,1
11,1210.44,7,110.04,0,1
15,1637.4,9,109.16,0,0
6,1195.44,8,199.24,1,0
10,716.3,8,71.63,0,1
9,731.97,14,81.33,0,0
12,2250.96,10,187.58,0,0
14,2064.44,5,147.46,1,0
8,859.52,10,107.44,0,0
13,2180.62,9,167.74,0,1
9,1515.24,11,168.36,0,0
6,1180.2,9,196.7,0,0
14,1924.72,13,137.48,0,0
10,1145,9,114.5,1,0
9,553.77,9,61.53,0,0
10,1463.6,8,146.36,0,0
9,859.59,9,95.51,1,0
10,1602.9,8,160.29,0,0
6,488.7,9,81.45,1,0
8,848.72,8,106.09,0,0
11,1466.52,6,133.32,0,0
13,761.8,15,58.6,0,0
8,689.36,11,86.17,0,0
13,1217.84,7,93.68,0,0
16,801.12,3,50.07,1,0
12,858.48,5,71.54,0,0
9,860.31,5,95.59,0,1
13,1144.39,7,88.03,0,0
7,1105.79,7,157.97,1,0
11,877.47,7,79.77,1,0
8,431.84,7,53.98,1,0
14,1250.48,6,89.32,0,0
10,589.8,7,58.98,0,1
5,714.3,8,142.86,1,0
8,755.52,10,94.44,0,0
7,911.96,7,130.28,0,1
11,941.38,10,85.58,0,0
13,952.38,11,73.26,0,0
11,707.96,23,64.36,0,0
10,656.1,10,65.61,0,1
10,1115.8,6,111.58,0,1
12,1247.28,7,103.94,1,0
8,921.76,7,115.22,0,0
14,2350.6,13,167.9,0,0
8,972.32,8,121.54,0,0
10,1951.5,6,195.15,1,1
8,565.04,10,70.63,0,0
14,2752.82,11,196.63,0,0
8,1501.6,6,187.7,0,0
7,1043.07,3,149.01,0,1
20,3752,6,187.6,0,0
8,448.32,8,56.04,0,0
10,682.8,7,68.28,1,0
7,975.66,22,139.38,0,1
12,650.88,3,54.24,0,1
17,2829.65,10,166.45,0,0
13,2526.55,14,194.35,0,0
12,1302.84,6,108.57,0,0
16,1787.2,6,111.7,0,0
15,1558.65,10,103.91,0,0
8,905.12,3,113.14,0,0
18,2734.38,8,151.91,0,0
18,2973.24,8,165.18,0,0
11,1425.49,6,129.59,0,0
9,1236.87,13,137.43,0,0
12,1287.96,22,107.33,0,0
8,1359.84,6,169.98,0,0
8,1564.56,9,195.57,0,0
15,1005.9,12,67.06,0,0
14,2728.6,22,194.9,0,0
10,1783.6,6,178.36,0,0
16,2810.72,8,175.67,0,0
9,812.34,8,90.26,0,0
13,799.76,10,61.52,0,0
7,545.58,13,77.94,0,0
8,1226.08,10,153.26,0,0
8,1308.72,8,163.59,0,0
16,2088.48,6,130.53,1,0
9,1500.66,10,166.74,0,0
9,1680.21,8,186.69,0,0
11,1938.09,9,176.19,0,0
9,1674.9,2,186.1,1,1
8,1568.72,8,196.09,0,0
8,1241.28,10,155.16,0,0
9,1673.37,11,185.93,0,0
16,1930.88,5,120.68,0,1
10,1327.8,5,132.78,1,1
7,1226.4,8,175.2,0,0
7,966.21,6,138.03,0,1
7,423.71,10,60.53,0,0
13,920.14,24,70.78,0,0
6,1107.48,7,184.58,1,0
13,1616.42,7,124.34,0,0
8,1424.32,9,178.04,0,1
10,722.6,10,72.26,0,0
6,1054.5,11,175.75,0,0
6,592.62,7,98.77,0,0
6,676.44,22,112.74,0,1
13,748.15,7,57.55,0,0
17,2071.28,12,121.84,0,0
12,1217.04,12,101.42,0,0
13,1597.57,10,122.89,1,0
14,1060.5,3,75.75,1,0
13,1792.31,7,137.87,1,0
15,1691.4,6,112.76,0,1
8,415.12,8,51.89,0,0
12,1470.96,8,122.58,0,0
15,1446.6,6,96.44,0,1
10,500.2,4,50.02,0,1
16,2305.28,6,144.08,1,0
14,2429,6,173.5,1,1
9,998.19,11,110.91,1,0
15,1375.05,10,91.67,0,0
15,784.35,6,52.29,0,0
6,507.48,9,84.58,1,0
6,860.34,5,143.39,0,1
9,1176.75,11,130.75,0,0
8,1401.28,10,175.16,0,0
12,2369.04,5,197.42,0,1
10,1834.3,12,183.43,0,0
13,1180.53,6,90.81,1,0
9,1693.08,9,188.12,0,0
11,699.93,5,63.63,0,1
15,2346.75,7,156.45,0,0
8,774,8,96.75,0,0
12,1188.12,10,99.01,0,0
8,1329.52,21,166.19,0,1
12,757.2,8,63.1,0,0
18,2355.3,6,130.85,0,1
13,1599.52,22,123.04,1,0
12,1183.56,11,98.63,0,0
18,2038.5,10,113.25,0,0
14,1078.84,9,77.06,0,0
13,1533.35,13,117.95,0,0
13,1841.06,13,141.62,0,0
8,1474.24,5,184.28,0,0
13,1833,7,141,0,1
9,894.24,4,99.36,0,1
11,2071.96,3,188.36,0,1
10,1457.2,8,145.72,1,0
11,1565.3,7,142.3,0,0
12,830.52,6,69.21,0,0
11,971.19,7,88.29,1,0
10,964.6,10,96.46,0,0
9,1704.33,8,189.37,0,0
15,1955.85,9,130.39,0,0
10,1810.9,10,181.09,0,0
8,1490.88,6,186.36,0,1
12,1801.8,9,150.15,1,0
11,761.75,5,69.25,1,1
14,2082.64,10,148.76,0,0
9,898.83,6,99.87,1,1
15,1187.85,5,79.19,1,0
5,926.8,5,185.36,0,0
5,984.65,10,196.93,0,0
9,1589.85,5,176.65,1,0
13,664.3,12,51.1,0,0
8,759.6,9,94.95,0,0
12,884.16,9,73.68,0,0
7,571.97,1,81.71,1,1
8,1032.08,7,129.01,0,0
12,1408.08,7,117.34,0,1
9,1229.04,24,136.56,0,0
12,1369.8,7,114.15,0,0
16,894.72,9,55.92,0,0
19,1739.26,9,91.54,0,0
10,1970.1,7,197.01,0,0
9,1139.67,13,126.63,0,0
10,1092.9,11,109.29,0,0
10,785.7,9,78.57,0,0
15,1368,7,91.2,1,0
12,1153.2,4,96.1,1,0
9,670.5,3,74.5,0,0
11,1113.42,13,101.22,0,0
8,958.48,3,119.81,0,0
13,1752.53,8,134.81,0,0
12,758.04,9,63.17,0,0
12,1799.76,11,149.98,0,0
11,590.04,8,53.64,0,0
14,2202.76,8,157.34,0,1
6,946.14,8,157.69,0,0
14,1838.9,6,131.35,1,0
18,1553.04,8,86.28,0,0
12,1706.52,8,142.21,0,0
11,1794.1,23,163.1,0,1
12,770.4,5,64.2,0,0
9,564.48,9,62.72,0,0
13,2242.63,10,172.51,0,0
13,1049.75,7,80.75,0,1
9,1734.75,10,192.75,0,0
9,778.14,12,86.46,0,0
14,1033.62,10,73.83,0,0
12,1024.56,7,85.38,1,1
11,1828.31,5,166.21,0,0
11,1448.81,7,131.71,0,0
14,1090.04,4,77.86,0,0
7,1234.73,9,176.39,0,0
6,367.8,9,61.3,0,0
15,1249.8,4,83.32,0,1
9,1610.1,8,178.9,0,0
12,1734.24,8,144.52,0,0
14,2056.6,10,146.9,0,0
8,511.36,8,63.92,0,0
9,1428.75,6,158.75,0,0
13,1692.21,12,130.17,0,0
13,1495.13,8,115.01,0,0
11,976.03,7,88.73,0,0
10,648.7,4,64.87,0,0
15,2081.4,5,138.76,0,0
11,2167.55,5,197.05,1,0
13,2066.61,11,158.97,0,0
10,1824.9,11,182.49,0,0
8,1487.76,5,185.97,1,0
18,1223.82,12,67.99,0,0
11,571.45,10,51.95,0,0
10,910.9,13,91.09,0,0
9,963.81,10,107.09,0,0
13,1999.79,9,153.83,0,0
14,1640.94,22,117.21,0,0
10,1030.5,24,103.05,0,0
19,1512.02,9,79.58,0,0
9,593.46,5,65.94,0,0
10,1009.6,8,100.96,0,0
8,1535.12,5,191.89,1,0
18,2009.88,10,111.66,0,0
12,1717.8,10,143.15,0,0
10,1755,9,175.5,0,0
10,1139.2,8,113.92,0,0
14,2066.96,10,147.64,0,0
12,1404.12,12,117.01,0,0
18,3207.06,9,178.17,0,0
9,1508.85,9,167.65,1,0
16,1884.8,12,117.8,0,0
12,1789.44,7,149.12,0,0
13,2465.58,8,189.66,0,0
5,518.1,9,103.62,0,0
12,2195.04,10,182.92,0,0
11,1543.85,9,140.35,0,0
7,473.69,6,67.67,0,0
14,2349.34,21,167.81,0,1
6,517.86,12,86.31,0,0
9,538.38,6,59.82,0,0
12,1823.52,10,151.96,0,0
12,1304.76,6,108.73,0,0
5,956.2,7,191.24,0,0
13,2551.64,7,196.28,0,0
13,1599.78,6,123.06,0,0
13,1875.25,8,144.25,0,0
15,2586.9,5,172.46,1,0
10,1788.6,11,178.86,0,0
12,1700.88,10,141.74,1,0
7,1309.77,9,187.11,0,0
10,846.4,4,84.64,0,1
14,2048.2,26,146.3,0,0
14,2238.04,5,159.86,1,1
19,1841.86,6,96.94,0,0
6,739.8,7,123.3,0,0
8,1033.36,9,129.17,1,0
13,1804.66,9,138.82,0,0
7,802.97,10,114.71,0,0
13,2313.61,2,177.97,0,1
13,1266.33,11,97.41,0,0
10,1553.4,9,155.34,0,0
8,1557.68,6,194.71,1,0
9,1211.22,5,134.58,0,1
8,616.8,8,77.1,0,1
13,2197.52,7,169.04,0,1
16,802.4,7,50.15,0,0
10,1483.6,12,148.36,0,0
7,1177.96,8,168.28,0,0
20,2056,5,102.8,1,1
8,534.72,11,66.84,0,0
10,550.7,3,55.07,0,0
7,890.68,6,127.24,0,1
16,1197.28,8,74.83,0,1
13,2442.57,11,187.89,0,0
15,1433.4,7,95.56,0,0
7,826.98,8,118.14,0,0
11,1430.22,9,130.02,0,0
9,744.93,13,82.77,0,0
15,2754.9,10,183.66,1,0
13,1060.54,23,81.58,0,0
9,1447.92,14,160.88,0,0
11,1402.17,7,127.47,0,1
11,921.8,9,83.8,0,0
10,1901.3,8,190.13,0,0
12,1119.96,9,93.33,0,0
13,2139.54,9,164.58,0,0
12,1567.2,23,130.6,1,0
7,1365.63,8,195.09,0,0
14,1086.96,8,77.64,0,0
11,1269.51,6,115.41,0,0
10,1384.7,8,138.47,0,0
11,675.84,7,61.44,0,0
11,570.24,9,51.84,0,0
7,643.16,10,91.88,0,0
12,1877.28,5,156.44,0,0
7,779.94,9,111.42,0,0
8,880.56,10,110.07,0,0
10,667.9,8,66.79,0,0
5,379.65,3,75.93,1,0
8,410.96,7,51.37,0,1
11,840.18,7,76.38,0,0
6,902.7,8,150.45,1,0
12,2260.44,9,188.37,0,0
12,1667.04,26,138.92,0,0
13,2259.66,11,173.82,0,0
15,2689.8,5,179.32,1,1
8,1543.44,7,192.93,0,0
12,1346.28,7,112.19,0,0
15,2357.7,8,157.18,1,0
12,1215.48,7,101.29,0,0
10,1310.5,3,131.05,0,1
15,2937.6,8,195.84,1,0
14,2791.32,6,199.38,1,0
11,1618.98,6,147.18,0,0
13,2465.71,5,189.67,0,0
9,1564.47,10,173.83,0,0
9,1725.12,10,191.68,0,0
13,1032.59,8,79.43,0,0
10,1024.8,4,102.48,1,1
16,2920.8,7,182.55,0,0
13,1367.21,11,105.17,0,0
8,795.04,10,99.38,0,0
11,685.85,9,62.35,0,0
12,650.4,12,54.2,0,0
8,412.72,9,51.59,0,0
9,504.36,8,56.04,0,0
7,1084.58,9,154.94,0,0
8,1475.12,9,184.39,0,0
9,474.21,8,52.69,0,0
14,1119.02,8,79.93,0,0
9,1409.58,7,156.62,0,0
12,752.88,10,62.74,0,0
11,1385.67,13,125.97,0,0
11,1830.62,9,166.42,1,0
7,561.19,7,80.17,1,0
6,523.56,10,87.26,0,0
13,1051.18,14,80.86,0,0
5,356.45,9,71.29,0,0
11,869.55,7,79.05,1,0
14,2704.1,23,193.15,0,0
13,962.78,10,74.06,0,0
13,2587.39,12,199.03,0,0
9,1273.32,7,141.48,0,0
10,826,5,82.6,1,1
18,2342.34,9,130.13,0,0
10,1019.6,8,101.96,0,0
17,2356.2,5,138.6,1,0
10,1052.3,9,105.23,0,0
10,1881.3,9,188.13,0,0
10,1151.9,9,115.19,0,0
13,2343.9,6,180.3,0,0
11,1571.68,6,142.88,1,1
8,1377.68,23,172.21,0,0
12,1436.16,9,119.68,0,1
14,2445.8,10,174.7,0,0
11,1569.81,7,142.71,0,0
18,2661.66,4,147.87,1,0
11,904.42,8,82.22,0,0
13,1047.41,23,80.57,0,0
4,561.08,13,140.27,0,0
12,1752,7,146,0,1
13,1914.64,10,147.28,0,0
15,1071.45,6,71.43,0,0
11,990.22,8,90.02,0,0
10,1380.7,10,138.07,0,0
8,1365.36,8,170.67,1,0
17,3333.02,7,196.06,1,0
13,2023.45,12,155.65,1,0
9,1189.89,9,132.21,1,0
18,2514.78,12,139.71,0,0
12,1945.32,9,162.11,0,0
7,666.26,6,95.18,0,0
10,767.3,3,76.73,1,1
15,2587.5,9,172.5,0,0
9,1343.34,10,149.26,0,0
11,1279.63,4,116.33,0,0
9,535.32,8,59.48,0,0
7,674.24,10,96.32,0,0
14,1395.94,12,99.71,0,0
9,503.73,11,55.97,0,0
12,2182.2,11,181.85,0,0
18,1950.3,7,108.35,0,0
11,1281.39,5,116.49,0,0
12,1663.32,9,138.61,0,0
11,1359.38,7,123.58,0,0
8,1444.48,8,180.56,0,0
10,628.6,12,62.86,0,0
10,1754.1,11,175.41,0,0
11,1753.18,8,159.38,0,1
14,2308.32,9,164.88,0,0
8,978.16,7,122.27,1,1
9,1610.1,6,178.9,1,0
7,938.07,9,134.01,0,0
9,501.21,9,55.69,0,0
9,780.3,7,86.7,0,0
14,763,8,54.5,0,0
11,1583.45,9,143.95,0,0
10,1544.9,9,154.49,1,0
13,2286.83,9,175.91,0,0
10,1781.1,9,178.11,0,1
10,525.1,9,52.51,0,0
11,2047.21,7,186.11,0,0
12,2210.52,12,184.21,0,0
8,1144.72,9,143.09,0,0
12,1460.52,7,121.71,0,0
13,1247.74,1,95.98,1,1
10,1734.1,7,173.41,0,1
7,577.29,7,82.47,0,0
10,1342.2,9,134.22,0,0
12,1512.84,7,126.07,0,0
9,1235.88,6,137.32,0,1
10,1690.5,11,169.05,1,0
13,2030.08,14,156.16,0,0
16,1810.4,6,113.15,0,0
13,1815.84,7,139.68,0,0
8,781.44,5,97.68,0,1
14,2639.7,8,188.55,1,0
14,2470.86,6,176.49,1,0
6,449.58,9,74.93,0,0
9,711.09,7,79.01,0,0
7,679.42,7,97.06,0,0
11,1585.87,6,144.17,1,0
8,960.56,14,120.07,0,0
12,2156.4,8,179.7,0,0
12,1334.04,9,111.17,0,0
9,1486.98,5,165.22,1,1
6,526.08,25,87.68,0,0
10,1007.4,12,100.74,0,0
10,1531.7,10,153.17,1,0
10,819.7,8,81.97,0,0
9,948.87,9,105.43,0,0
11,1807.19,6,164.29,1,0
11,933.9,9,84.9,0,0
14,2107.28,6,150.52,0,0
9,1417.5,13,157.5,0,0
7,1269.59,11,181.37,0,0
9,1766.34,23,196.26,0,0
10,759,8,75.9,0,0
10,1017,5,101.7,1,0
17,3326.39,6,195.67,0,1
11,1112.21,6,101.11,1,1
11,1981.32,11,180.12,0,0
12,2285.76,5,190.48,0,0
8,671.92,9,83.99,0,0
14,2187.78,12,156.27,0,0
13,1639.3,8,126.1,0,0
13,1770.99,13,136.23,0,0
5,686.45,8,137.29,0,1
14,2392.6,7,170.9,0,0
13,1386.45,5,106.65,1,1
9,1745.73,5,193.97,0,0
15,2719.95,8,181.33,0,0
15,1444.35,6,96.29,0,1
7,1164.8,7,166.4,0,0
17,2664.41,7,156.73,1,0
12,1380.36,5,115.03,0,0
9,1461.42,7,162.38,0,1
9,1420.11,8,157.79,0,0
10,1708.8,5,170.88,1,0
14,2267.16,7,161.94,0,0
7,976.92,7,139.56,1,0
6,1189.44,12,198.24,0,0
13,2596.62,11,199.74,0,0
6,1001.04,8,166.84,0,0
12,726.84,7,60.57,1,0
9,645.39,8,71.71,1,1
10,871.7,12,87.17,0,0
12,1621.68,10,135.14,0,0
13,2267.85,7,174.45,0,0
5,878.35,9,175.67,0,0
10,1578.6,13,157.86,0,0
9,945.27,12,105.03,0,0
3,457.56,8,152.52,0,0
11,1049.4,11,95.4,0,0
13,2555.54,7,196.58,0,0
11,1743.39,10,158.49,0,0
9,1727.73,8,191.97,0,0
9,1249.11,4,138.79,0,1
6,962.16,6,160.36,0,0
14,1567.72,10,111.98,0,0
15,784.2,9,52.28,0,0
10,1392.2,9,139.22,0,1
8,720,7,90,1,1
11,2095.94,25,190.54,0,0
5,328.75,9,65.75,1,0
13,2060.63,6,158.51,1,0
20,1456.6,25,72.83,0,0
12,2332.92,10,194.41,0,0
14,1950.48,5,139.32,0,1
7,574.07,7,82.01,0,0
8,996.64,6,124.58,1,0
14,2479.82,8,177.13,0,0
9,1477.8,9,164.2,1,1
14,1618.96,8,115.64,0,1
14,2297.96,8,164.14,0,0
5,907.25,7,181.45,0,1
9,1547.82,3,171.98,1,1
13,669.89,10,51.53,0,0
13,887.64,7,68.28,0,0
12,2235.48,9,186.29,0,0
10,655.9,11,65.59,0,0
12,1909.8,10,159.15,0,0
8,430.4,5,53.8,0,0
10,550.6,10,55.06,0,0
10,1971.3,10,197.13,0,0
10,992.9,12,99.29,0,0
11,904.86,12,82.26,0,0
9,1662.66,6,184.74,0,0
8,425.2,4,53.15,1,0
4,269.64,8,67.41,0,0
9,1066.23,13,118.47,0,0
12,1013.76,7,84.48,0,0
14,2298.24,9,164.16,0,0
14,1077.16,9,76.94,0,0
9,783.81,9,87.09,0,0
13,1914.64,9,147.28,0,0
14,2317,11,165.5,0,0
14,1986.88,8,141.92,0,0
9,458.01,14,50.89,0,0
10,913.5,9,91.35,0,1
11,1347.28,8,122.48,1,0
12,1141.68,11,95.14,0,0
7,475.37,10,67.91,0,0
10,694.1,6,69.41,1,0
5,866.25,9,173.25,1,0
9,1695.15,9,188.35,0,0
7,1001.84,11,143.12,0,0
6,1188.12,10,198.02,0,0
9,1264.23,9,140.47,0,0
7,894.67,6,127.81,0,1
10,1902.8,14,190.28,0,0
13,1792.7,11,137.9,0,0
7,552.93,6,78.99,0,0
11,1137.29,7,103.39,0,0
14,1596.84,6,114.06,0,0
10,756.9,9,75.69,0,0
16,1124.96,8,70.31,0,0
9,1698.3,8,188.7,0,0
12,833.28,9,69.44,0,0
9,813.69,21,90.41,0,0
10,1764.5,8,176.45,1,0
11,661.98,10,60.18,0,0
6,813.9,7,135.65,1,0
14,1327.06,5,94.79,1,0
16,2516.48,4,157.28,1,0
12,797.88,10,66.49,0,0
10,1936.6,9,193.66,0,0
7,753.69,22,107.67,1,0
15,1935.75,9,129.05,0,0
10,931.6,12,93.16,0,0
11,598.07,6,54.37,0,1
13,1401.53,9,107.81,1,0
15,2935.8,6,195.72,1,0
18,1038.96,2,57.72,0,0
16,1137.28,9,71.08,0,0
11,1542.64,7,140.24,0,1
9,608.49,9,67.61,0,0
14,1266.44,8,90.46,0,0
14,984.2,21,70.3,1,0
16,1289.6,7,80.6,1,1
13,2457.91,8,189.07,0,0
14,2037,11,145.5,0,0
6,1135.68,12,189.28,0,0
12,2042.52,9,170.21,0,0
11,1790.8,7,162.8,0,1
11,1523.06,10,138.46,0,0
19,3568.77,3,187.83,1,1
8,1008.08,7,126.01,0,0
9,1083.42,4,120.38,1,0
14,1334.06,10,95.29,1,0
8,612.16,8,76.52,0,0
13,2025.66,9,155.82,1,0
7,1300.11,10,185.73,0,0
14,1735.58,22,123.97,0,1
9,774,6,86,1,1
11,618.97,8,56.27,1,0
10,1456.2,8,145.62,0,0
5,837.55,23,167.51,0,0
7,581.7,9,83.1,0,0
14,2083.2,9,148.8,0,0
12,930.84,9,77.57,1,0
12,1455.36,11,121.28,0,0
14,705.88,13,50.42,0,0
7,451.22,8,64.46,1,0
15,1211.85,5,80.79,0,0
15,754.95,11,50.33,0,0
10,1849.8,8,184.98,0,1
9,590.94,11,65.66,0,0
8,501.92,11,62.74,0,0
5,632.95,8,126.59,1,0
19,1038.54,7,54.66,0,0
10,1371.3,11,137.13,0,0
9,1451.97,10,161.33,0,0
14,1165.08,6,83.22,0,1
14,1263.5,8,90.25,0,1
17,2157.47,24,126.91,0,0
11,2142.36,8,194.76,0,0
13,1830.79,5,140.83,1,0
11,1561.67,9,141.97,0,0
9,1214.19,11,134.91,0,0
10,1926.7,10,192.67,0,0
12,1825.92,9,152.16,0,0
9,1575.81,7,175.09,0,0
12,942.72,9,78.56,0,0
16,2776.48,8,173.53,0,0
17,2102.39,29,123.67,0,0
12,1360.56,6,113.38,0,0
7,373.1,10,53.3,0,0
12,1120.32,10,93.36,0,0
10,1231,6,123.1,0,1
9,1177.56,9,130.84,0,0
10,689.5,11,68.95,1,0
12,1391.28,9,115.94,0,0
11,1005.4,5,91.4,0,0
8,545.36,9,68.17,0,0
10,633.3,7,63.33,1,0
14,2665.04,11,190.36,0,0
8,956.64,9,119.58,0,0
11,1377.31,10,125.21,0,0
11,648.45,9,58.95,0,0
6,928.62,10,154.77,0,0
8,530.8,9,66.35,0,0
9,1527.48,9,169.72,0,0
13,933.92,8,71.84,1,0
10,631.4,28,63.14,0,0
10,1036.3,12,103.63,0,0
14,1412.18,10,100.87,0,0
7,667.8,8,95.4,0,0
16,2827.84,12,176.74,0,0
13,1870.05,14,143.85,0,0
6,1018.56,9,169.76,0,0
15,2527.5,10,168.5,0,0
14,835.24,8,59.66,0,0
9,1529.73,7,169.97,0,0
5,863.7,22,172.74,0,0
5,603.75,7,120.75,1,0
11,718.3,8,65.3,0,0
9,1195.02,6,132.78,0,0
9,1095.21,10,121.69,0,0
11,1662.32,10,151.12,0,0
9,1110.87,10,123.43,0,0
7,772.38,11,110.34,0,0
7,556.22,8,79.46,0,0
10,1364.9,8,136.49,1,0
8,1200.4,8,150.05,1,0
10,1348,9,134.8,0,0
7,1110.76,5,158.68,0,0
12,1614.12,11,134.51,0,0
8,420.48,10,52.56,0,0
12,1813.68,8,151.14,0,0
15,2307.45,6,153.83,0,1
13,1032.2,6,79.4,0,1
9,1034.46,9,114.94,0,0
15,2550.75,7,170.05,1,0
11,1198.89,13,108.99,0,0
12,1738.68,9,144.89,1,0
19,1377.5,4,72.5,1,0
12,1036.2,20,86.35,1,0
6,517.38,9,86.23,0,0
19,2794.52,8,147.08,0,0
11,957.33,6,87.03,1,1
12,2358.24,12,196.52,0,0
6,1131.48,9,188.58,0,0
12,1617.12,11,134.76,0,0
11,1325.5,9,120.5,0,0
12,2154.6,8,179.55,1,0
6,1198.02,9,199.67,0,0
6,1039.5,9,173.25,0,0
15,2410.5,2,160.7,1,1
12,1068.96,12,89.08,0,0
9,1098,7,122,0,1
6,506.7,7,84.45,0,0
12,2350.68,7,195.89,0,0
19,1804.62,8,94.98,1,0
10,863.3,5,86.33,1,0
9,1561.5,4,173.5,1,1
16,2301.28,8,143.83,1,0
14,2555.7,7,182.55,0,0
10,1003.7,8,100.37,0,0
10,1063.4,8,106.34,0,0
8,1123.6,8,140.45,0,0
5,547.15,10,109.43,0,0
13,2300.74,6,176.98,0,1
13,1102.14,7,84.78,0,0
9,1508.13,9,167.57,0,0
9,933.21,4,103.69,0,0
10,1406.9,4,140.69,1,1
8,689.12,11,86.14,0,0
9,1619.91,10,179.99,0,0
12,1747.56,5,145.63,0,1
13,2214.03,8,170.31,0,0
14,2725.94,4,194.71,0,0
10,1715.6,6,171.56,0,1
7,457.17,6,65.31,0,0
16,2007.52,2,125.47,1,1
10,531.7,4,53.17,0,1
14,1392.3,9,99.45,0,0
16,1433.28,8,89.58,0,0
11,1212.09,2,110.19,0,0
11,953.15,7,86.65,0,0
7,492.45,9,70.35,0,0
13,2051.92,10,157.84,0,0
11,1224.08,12,111.28,0,0
12,1952.4,22,162.7,0,0
14,1437.52,11,102.68,0,0
10,640.7,7,64.07,0,0
7,876.47,7,125.21,0,0
7,1101.17,8,157.31,0,0
10,1638.3,9,163.83,0,0
9,1407.96,9,156.44,0,0
8,905.12,11,113.14,0,0
15,2310.3,9,154.02,0,0
11,2122.45,6,192.95,1,0
18,2898.72,10,161.04,0,0
12,2352.84,11,196.07,0,0
12,2275.08,22,189.59,0,0
9,1227.24,11,136.36,0,0
12,980.64,11,81.72,0,0
8,401.2,8,50.15,0,0
11,624.36,4,56.76,1,0
10,1960.4,7,196.04,0,1
14,2289.7,9,163.55,0,1
12,1096.8,5,91.4,1,1
8,570.08,13,71.26,0,0
10,1665.1,6,166.51,0,0
16,1160.64,6,72.54,0,1
9,767.52,7,85.28,0,0
6,673.26,9,112.21,0,0
9,1498.68,8,166.52,1,0
13,2328.3,5,179.1,0,0
16,1104.32,8,69.02,1,0
12,956.52,8,79.71,0,0
5,716.3,5,143.26,1,1
5,428.55,10,85.71,0,0
10,1871.8,10,187.18,0,0
17,2483.7,7,146.1,0,0
13,900.51,8,69.27,0,0
8,1541.6,9,192.7,0,0
12,962.76,9,80.23,0,0
9,619.38,10,68.82,0,0
14,1252.44,6,89.46,1,0
17,3063.06,10,180.18,0,0
8,688.64,3,86.08,0,0
12,2279.28,5,189.94,0,0
15,2765.4,7,184.36,0,0
12,2347.44,4,195.62,0,0
9,1437.75,7,159.75,0,0
10,604.3,3,60.43,1,1
11,1008.26,8,91.66,0,0
14,756.56,8,54.04,0,0
9,1264.14,5,140.46,1,0
12,675.24,8,56.27,1,0
17,2144.38,7,126.14,1,1
9,627.48,8,69.72,0,0
14,2156.42,5,154.03,0,0
9,882.45,9,98.05,0,0
9,1287.18,8,143.02,0,0
11,1842.72,11,167.52,0,0
7,645.82,6,92.26,0,1
10,1456,10,145.6,0,0
10,646,8,64.6,0,0
16,2160.8,9,135.05,0,0
11,723.14,13,65.74,0,0
13,679.25,12,52.25,0,0
11,909.48,8,82.68,0,0
13,1205.36,13,92.72,0,0
10,1546.9,5,154.69,1,1
11,1568.16,11,142.56,0,0
10,1494.5,5,149.45,0,0
6,338.88,6,56.48,0,0
8,579.04,12,72.38,0,0
9,975.06,9,108.34,0,0
16,1351.84,8,84.49,0,0
10,773.8,10,77.38,0,0
10,992.9,8,99.29,1,0
8,1339.28,10,167.41,0,0
7,594.86,9,84.98,0,0
13,1446.77,7,111.29,0,0
10,1375.9,4,137.59,1,0
10,1766.4,10,176.64,0,0
5,467.05,12,93.41,0,0
7,1362.69,6,194.67,0,0
9,696.51,9,77.39,0,0
11,1571.24,8,142.84,0,0
12,2161.68,8,180.14,0,0
13,2511.99,11,193.23,0,0
12,1842.84,8,153.57,0,0
14,2115.26,7,151.09,0,1
18,3316.5,22,184.25,0,0
9,1138.41,12,126.49,0,0
13,1862.12,6,143.24,0,1
9,830.79,8,92.31,0,0
13,2577.51,7,198.27,0,0
14,2775.36,11,198.24,0,0
19,1886.89,11,99.31,0,0
11,1514.04,6,137.64,0,0
7,1134.56,10,162.08,0,0
9,1515.24,22,168.36,1,0
12,1404.24,8,117.02,0,0
11,1428.13,7,129.83,0,0
9,698.31,6,77.59,0,0
13,1969.63,11,151.51,0,0
13,2147.47,23,165.19,0,1
7,1280.51,3,182.93,0,1
13,2079.09,11,159.93,0,0
12,2172,9,181,0,0
7,877.31,6,125.33,0,1
7,1244.18,8,177.74,0,0
8,1540.72,9,192.59,0,0
10,814.6,7,81.46,0,0
10,1077.2,7,107.72,0,1
8,548.8,9,68.6,0,0
9,1116.36,10,124.04,1,0
13,2150.59,8,165.43,0,0
9,867.69,11,96.41,0,0
11,1900.58,7,172.78,0,0
12,1556.88,6,129.74,0,0
8,1350.32,3,168.79,0,1
14,1063.72,8,75.98,0,0
11,2170.96,9,197.36,0,0
8,1364.8,8,170.6,0,0
11,729.63,7,66.33,0,1
19,2891.99,2,152.21,1,1
10,932.8,5,93.28,0,1
17,1426.64,7,83.92,0,0
9,1627.02,3,180.78,0,1
11,877.8,8,79.8,0,0
9,1156.23,8,128.47,0,0
14,2040.5,8,145.75,0,0
12,1727.76,4,143.98,1,0
9,684.27,6,76.03,0,1
10,1240,6,124,0,1
10,1545.3,3,154.53,0,1
12,819.6,5,68.3,0,1
9,802.17,9,89.13,0,0
13,2320.24,10,178.48,0,0
8,497.28,14,62.16,0,0
8,533.6,8,66.7,0,0
17,1160.08,7,68.24,0,0
9,1107.36,6,123.04,0,0
10,1171.9,13,117.19,0,0
14,1318.66,8,94.19,0,0
10,813.2,8,81.32,0,0
6,687.18,7,114.53,1,0
10,1548,10,154.8,0,0
3,581.7,11,193.9,0,0
8,1128.56,5,141.07,1,0
10,1613.5,5,161.35,1,1
9,1768.23,6,196.47,1,0
12,1775.4,24,147.95,0,0
9,523.62,12,58.18,0,0
11,1293.93,12,117.63,0,0
14,1350.16,20,96.44,1,1
8,1088.8,11,136.1,0,0
15,2048.7,9,136.58,1,0
8,615.84,8,76.98,0,0
8,1596.64,9,199.58,0,0
10,1113.6,10,111.36,0,0
8,1346.16,6,168.27,1,0
12,708,5,59,1,1
7,590.73,11,84.39,0,0
15,2786.7,7,185.78,0,0
9,1482.66,5,164.74,0,1
11,2079.33,12,189.03,0,0
13,2130.44,10,163.88,0,0
8,1551.84,12,193.98,0,0
5,814.4,6,162.88,0,0
7,1123.22,24,160.46,0,0
12,1811.28,7,150.94,0,0
22,1876.82,7,85.31,1,0
9,1528.11,7,169.79,0,0
19,3762.76,10,198.04,0,0
15,1643.55,10,109.57,0,0
11,2099.68,13,190.88,0,0
10,1855.9,21,185.59,0,1
8,449.84,6,56.23,1,0
11,1215.61,5,110.51,0,1
8,1109.28,9,138.66,0,0
9,805.5,7,89.5,0,0
8,969.28,6,121.16,0,1
9,1602.9,7,178.1,0,0
10,984.1,8,98.41,0,0
10,1629.6,6,162.96,0,1
13,1043.77,9,80.29,0,0
13,670.54,7,51.58,0,1
6,703.2,21,117.2,0,1
14,2319.66,4,165.69,0,0
16,1964.96,9,122.81,1,0
9,552.33,5,61.37,0,0
12,658.8,6,54.9,0,0
6,536.94,6,89.49,1,0
9,627.57,23,69.73,0,0
10,1611.7,7,161.17,0,0
13,1419.21,8,109.17,0,0
9,508.95,7,56.55,0,0
13,792.35,7,60.95,1,0
8,636.88,9,79.61,0,0
12,664.92,9,55.41,0,0
12,1863.48,7,155.29,0,0
10,1221.1,8,122.11,0,0
7,517.44,8,73.92,0,1
9,1595.34,6,177.26,0,0
6,1062,7,177,1,0
5,322.85,7,64.57,0,0
16,1197.6,6,74.85,1,0
9,1283.67,7,142.63,0,0
11,559.79,9,50.89,0,0
10,698.5,8,69.85,0,0
11,856.35,21,77.85,0,1
11,1538.57,10,139.87,0,0
11,1056,8,96,0,0
15,2268.75,10,151.25,0,0
6,416.64,9,69.44,0,0
12,934.08,6,77.84,0,1
14,2125.9,5,151.85,1,0
8,458.16,9,57.27,0,0
12,1633.32,10,136.11,0,0
16,1036,6,64.75,0,0
16,2127.52,9,132.97,0,0
12,2297.52,4,191.46,1,0
8,1518.56,3,189.82,0,1
9,940.95,7,104.55,0,1
21,1195.53,4,56.93,0,0
8,1182.48,9,147.81,0,0
9,1553.49,6,172.61,0,1
12,2280.72,8,190.06,0,0
7,808.01,5,115.43,1,1
14,1860.32,9,132.88,0,1
11,1411.85,5,128.35,0,1
8,1090.16,12,136.27,0,0
13,2274.74,6,174.98,1,0
6,1039.02,7,173.17,0,0
9,1574.91,7,174.99,0,0
10,1173.3,8,117.33,0,0
9,1005.84,5,111.76,0,0
12,684.24,7,57.02,0,0
8,1460.32,8,182.54,0,0
12,2192.4,24,182.7,0,0
5,454.5,10,90.9,0,0
10,1402.9,8,140.29,0,0
15,2580,6,172,0,1
11,2178.22,8,198.02,1,0
13,2432.43,8,187.11,0,0
9,1567.17,13,174.13,0,0
12,1364.88,8,113.74,0,0
16,1382.88,19,86.43,1,1
8,429.2,24,53.65,0,0
17,1789.08,7,105.24,0,0
7,1044.19,10,149.17,0,0
8,1019.28,11,127.41,0,0
9,463.95,5,51.55,1,1
10,1830.2,4,183.02,0,0
12,1897.2,9,158.1,0,0
8,1179.76,8,147.47,0,0
7,752.92,24,107.56,1,0
14,2382.8,7,170.2,0,0
16,3175.68,12,198.48,0,0
9,735.57,5,81.73,1,1
14,1657.32,9,118.38,0,0
11,2095.94,6,190.54,1,0
14,1149.96,9,82.14,1,0
10,1781.5,8,178.15,1,1
10,924.7,9,92.47,1,1
10,857.8,6,85.78,0,1
13,1349.92,8,103.84,0,0
14,861.14,9,61.51,0,0
12,1574.76,7,131.23,1,1
12,1261.32,9,105.11,0,0
14,2067.1,22,147.65,0,1
9,593.19,2,65.91,0,1
12,1368.48,7,114.04,0,0
9,1137.42,9,126.38,0,0
12,1708.56,10,142.38,0,0
10,579.5,9,57.95,0,0
7,522.83,13,74.69,0,0
11,1109.46,9,100.86,0,0
19,3508.54,8,184.66,0,0
6,789.54,6,131.59,0,0
20,1444,7,72.2,0,0
14,1375.22,8,98.23,0,0
7,1222.69,10,174.67,0,0
15,902.25,10,60.15,0,0
13,1743.04,11,134.08,0,0
7,1237.46,8,176.78,0,0
16,2331.2,9,145.7,0,0
12,1557.48,9,129.79,0,0
10,869.4,13,86.94,0,0
9,762.12,8,84.68,0,1
8,645.52,7,80.69,1,0
12,1628.52,9,135.71,0,0
13,2455.96,10,188.92,0,0
15,2318.85,11,154.59,0,0
13,2220.66,3,170.82,0,0
10,1180.3,6,118.03,1,0
20,2705.6,10,135.28,0,0
12,1868.52,4,155.71,1,1
10,1869.1,7,186.91,0,0
15,2945.1,11,196.34,0,0
13,2315.56,11,178.12,0,0
6,511.26,10,85.21,1,0
11,2081.75,10,189.25,0,0
7,677.25,10,96.75,0,0
11,1743.83,22,158.53,0,0
11,1276.33,4,116.03,0,0
17,2718.64,5,159.92,1,0
13,2305.03,11,177.31,0,0
22,3157.22,9,143.51,0,0
7,494.06,7,70.58,0,0
12,888,7,74,0,0
9,752.31,7,83.59,0,0
17,2692.63,7,158.39,0,0
5,970,6,194,1,0
13,1340.43,7,103.11,0,0
7,835.1,13,119.3,0,0
15,2285.85,24,152.39,0,0
8,622.64,10,77.83,0,0
14,2179.94,5,155.71,1,0
9,961.65,11,106.85,0,0
10,1822.9,9,182.29,1,0
7,752.85,8,107.55,1,0
10,924.9,6,92.49,0,0
8,1431.6,10,178.95,0,0
15,765.45,5,51.03,1,1
13,940.81,5,72.37,1,0
12,930.72,8,77.56,1,0
11,2124.32,10,193.12,1,0
15,1097.1,9,73.14,0,0
10,1447.1,9,144.71,0,0
12,761.04,4,63.42,0,1
12,1915.32,8,159.61,0,0
13,719.81,7,55.37,0,0
9,1016.01,7,112.89,1,0
11,1358.17,9,123.47,0,0
11,2017.95,6,183.45,0,1
15,2754.3,6,183.62,0,0
8,509.84,7,63.73,0,0
11,2081.53,10,189.23,0,0
16,1957.6,7,122.35,0,0
9,1260.36,5,140.04,0,0
10,1439.7,12,143.97,0,0
7,990.29,8,141.47,0,0
11,1786.73,9,162.43,0,0
8,853.84,11,106.73,0,0
10,1689,5,168.9,1,1
12,1478.64,4,123.22,1,0
10,615.9,4,61.59,0,0
14,1146.04,7,81.86,0,0
10,865.7,12,86.57,0,0
13,1072.11,11,82.47,0,0
11,1487.53,8,135.23,0,0
14,1110.76,10,79.34,0,0
10,1352,7,135.2,0,0
15,1548.9,4,103.26,0,1
8,1516.72,11,189.59,0,0
9,1750.77,5,194.53,0,0
9,741.78,9,82.42,0,0
11,1281.17,8,116.47,0,0
11,2197.91,8,199.81,0,0
10,1787.2,4,178.72,1,1
11,1925.22,7,175.02,0,0
7,971.46,9,138.78,0,0
4,593.28,8,148.32,0,0
11,1199,7,109,0,0
18,1886.4,13,104.8,0,0
11,2148.74,8,195.34,0,0
4,622.44,11,155.61,0,0
14,1552.6,8,110.9,0,0
12,856.44,7,71.37,0,0
7,1327.69,9,189.67,0,0
16,1071.2,6,66.95,0,0
7,995.19,22,142.17,1,1
10,1443.8,9,144.38,0,0
11,946.55,23,86.05,0,0
18,1075.68,8,59.76,0,0
8,893.44,7,111.68,0,0
7,986.51,9,140.93,0,0
4,565.08,10,141.27,0,0
4,432.52,9,108.13,0,0
9,1782,8,198,0,0
11,940.06,7,85.46,0,0
9,822.51,6,91.39,0,0
11,579.37,8,52.67,0,0
7,436.73,10,62.39,0,0
15,1308.9,7,87.26,0,0
12,1348.8,11,112.4,0,0
16,3140.8,9,196.3,0,0
17,3043.68,10,179.04,0,0
13,702.26,8,54.02,1,0
13,1113.84,13,85.68,0,0
9,1728,9,192,0,0
12,2219.76,3,184.98,1,0
9,1599.03,11,177.67,0,0
9,882.36,5,98.04,1,1
9,1646.82,11,182.98,0,0
8,1394.72,9,174.34,0,0
9,499.86,7,55.54,0,1
5,466.2,9,93.24,0,0
12,690.72,5,57.56,1,0
11,1960.75,4,178.25,1,1
15,851.85,8,56.79,0,1
6,488.46,10,81.41,0,0
10,1788.1,27,178.81,0,0
7,630.07,13,90.01,0,0
11,927.41,9,84.31,0,0
15,2867.4,6,191.16,0,0
15,2180.1,8,145.34,0,0
10,1532.2,10,153.22,0,0
13,1480.44,6,113.88,1,0
8,449.84,8,56.23,0,0
13,847.99,8,65.23,0,0
8,492,7,61.5,0,0
14,1961.68,7,140.12,1,0
14,2311.96,20,165.14,0,1
8,732.24,5,91.53,0,0
14,1033.34,10,73.81,0,0
12,2067.6,6,172.3,0,0
13,1968.2,11,151.4,0,0
9,1369.8,11,152.2,0,0
10,1309.8,7,130.98,0,0
12,785.88,8,65.49,0,0
11,2070.75,9,188.25,0,0
11,1935.56,8,175.96,1,0
8,1016.08,8,127.01,0,0
13,2300.87,6,176.99,0,1
8,923.28,10,115.41,0,0
8,789.36,11,98.67,0,0
15,1345.2,8,89.68,0,0
13,1406.73,5,108.21,0,0
13,903.89,9,69.53,0,0
9,1743.21,7,193.69,1,0
10,1757.2,7,175.72,0,0
16,2752.64,7,172.04,0,0
5,903.3,10,180.66,0,0
11,1915.98,9,174.18,0,0
10,976.6,13,97.66,0,0
14,1190.14,8,85.01,0,0
9,1182.69,4,131.41,1,0
18,2350.08,5,130.56,0,0
7,784.91,8,112.13,0,0
15,2296.8,8,153.12,0,0
11,796.84,6,72.44,1,1
17,1566.89,13,92.17,0,0
13,1985.49,29,152.73,0,0
7,452.13,21,64.59,1,1
9,908.73,13,100.97,0,0
10,1116.2,8,111.62,0,0
8,436.88,7,54.61,0,0
11,1176.01,12,106.91,0,0
12,1042.56,8,86.88,0,1
12,869.04,12,72.42,0,0
6,817.14,23,136.19,0,0
10,647.2,9,64.72,0,1
24,1348.08,9,56.17,0,0
15,877.5,7,58.5,0,0
14,2236.5,8,159.75,0,0
12,1613.28,8,134.44,0,0
7,1368.08,8,195.44,0,0
13,912.08,8,70.16,0,0
15,1331.85,8,88.79,0,0
17,2914.82,9,171.46,0,0
11,1065.35,5,96.85,1,0
10,778.2,10,77.82,0,0
10,1293.3,10,129.33,0,0
9,1624.5,8,180.5,0,0
15,2726.7,12,181.78,0,0
11,1342.66,5,122.06,0,0
13,961.22,9,73.94,0,0
10,1946.1,3,194.61,0,1
17,2608.48,11,153.44,0,0
8,1377.76,9,172.22,0,0
9,754.83,5,83.87,0,1
7,399.42,9,57.06,1,0
18,2412.18,7,134.01,0,0
12,2215.56,23,184.63,1,0
9,548.91,9,60.99,0,0
12,1073.76,9,89.48,1,0
16,3151.2,22,196.95,0,0
11,1054.02,8,95.82,0,0
10,744.6,7,74.46,1,0
10,1745.5,10,174.55,0,0
8,1088.64,12,136.08,0,0
12,1782,10,148.5,0,0
8,1514,10,189.25,0,0
10,1422.7,8,142.27,1,0
18,3055.14,7,169.73,0,0
10,1827.4,13,182.74,0,0
12,714.6,8,59.55,0,0
12,1730.16,23,144.18,1,0
9,1332.9,11,148.1,0,0
9,1193.31,4,132.59,0,0
10,958.9,11,95.89,0,0
11,1600.94,6,145.54,0,0
10,1812.6,10,181.26,0,0
15,790.05,7,52.67,1,0
16,2063.2,7,128.95,0,0
12,1362,7,113.5,0,0
16,3150.4,12,196.9,0,0
6,314.22,12,52.37,0,0
15,1687.95,7,112.53,0,0
9,1075.23,2,119.47,1,1
7,503.93,9,71.99,0,0
13,2301.52,7,177.04,0,1
10,537.3,9,53.73,0,0
10,1543.5,8,154.35,0,0
16,3014.4,8,188.4,0,0
7,883.05,10,126.15,0,0
7,402.5,9,57.5,0,0
8,1541.68,1,192.71,1,1
8,1071.84,7,133.98,1,0
13,1190.02,20,91.54,1,1
17,2473.84,6,145.52,1,0
10,1625.2,12,162.52,0,0
8,1538.72,9,192.34,0,0
5,701.75,11,140.35,0,0
11,1347.5,5,122.5,0,0
11,886.16,13,80.56,0,0
8,644.48,24,80.56,0,0
13,2561.91,24,197.07,0,0
10,1577.5,10,157.75,0,0
4,791.2,6,197.8,1,1
9,583.47,11,64.83,0,0
12,857.52,6,71.46,1,0
11,629.31,6,57.21,0,0
9,524.16,13,58.24,0,0
14,2216.62,4,158.33,0,0
13,1596.66,6,122.82,0,0
5,680.65,3,136.13,0,1
7,868.63,7,124.09,0,0
12,1359.72,10,113.31,0,0
13,681.72,5,52.44,0,0
11,791.23,5,71.93,0,0
14,1343.86,5,95.99,1,0
9,1276.11,12,141.79,0,0
16,3014.72,6,188.42,1,0
13,1499.81,7,115.37,1,0
9,1006.47,9,111.83,0,0
18,1408.5,24,78.25,0,0
14,2771.02,2,197.93,1,1
14,1018.78,9,72.77,1,0
12,2311.44,5,192.62,1,0
10,1708.6,8,170.86,0,0
11,1275.12,9,115.92,0,0
11,1796.74,9,163.34,0,0
12,2376,13,198,0,0
13,929.63,7,71.51,0,1
10,1032.2,22,103.22,0,0
10,535.1,8,53.51,1,0
14,1706.88,8,121.92,0,0
15,2896.05,12,193.07,0,0
18,2410.92,9,133.94,0,0
11,1437.26,7,130.66,0,0
7,1294.23,3,184.89,1,1
9,1523.61,4,169.29,0,1
15,2714.85,7,180.99,0,0
7,556.64,9,79.52,0,1
10,956.7,7,95.67,0,0
10,1470.4,9,147.04,0,0
11,1606.88,6,146.08,0,0
6,772.08,4,128.68,1,0
14,2517.9,8,179.85,0,0
8,1327.12,16,165.89,0,0
7,1272.46,8,181.78,1,0
16,3063.52,9,191.47,0,0
12,2364.36,6,197.03,1,0
9,1048.23,8,116.47,0,0
17,1267.69,8,74.57,0,0
14,903.84,9,64.56,1,0
13,1344.59,7,103.43,0,0
13,2120.17,10,163.09,0,0
10,752,8,75.2,0,0
16,2415.84,10,150.99,0,0
11,895.84,7,81.44,0,1
13,2259.79,8,173.83,0,0
13,2176.33,9,167.41,0,1
10,1560.6,11,156.06,0,0
11,1278.42,9,116.22,0,0
14,2077.6,8,148.4,1,0
10,800.6,8,80.06,0,0
10,813.6,10,81.36,0,0
8,1064.4,9,133.05,0,1
16,1724.16,8,107.76,0,0
5,471.75,9,94.35,0,0
8,554.24,9,69.28,0,0
8,682.96,3,85.37,0,0
10,1586.6,10,158.66,0,0
11,605.22,9,55.02,0,0
12,2326.68,8,193.89,0,0
16,2775.36,5,173.46,1,1
10,1491.2,9,149.12,0,1
17,2529.6,24,148.8,0,0
8,1422.32,5,177.79,0,0
8,439.28,6,54.91,0,1
11,2066.35,7,187.85,1,0
12,663.48,7,55.29,0,0
13,1149.85,9,88.45,0,0
16,2732.8,8,170.8,0,0
8,845.44,1,105.68,1,1
11,1745.37,5,158.67,0,0
9,982.89,6,109.21,1,0
11,877.91,5,79.81,0,0
9,846.81,11,94.09,0,0
14,2428.58,8,173.47,0,0
7,865.9,11,123.7,0,0
15,1434.15,6,95.61,1,1
21,2388.33,25,113.73,0,0
14,1379.28,9,98.52,0,0
13,769.6,10,59.2,0,0
11,2195.38,8,199.58,0,0
8,890.32,6,111.29,0,1
9,1323.81,8,147.09,1,1
10,1120.4,4,112.04,1,1
14,2548.14,10,182.01,0,0
10,1331,9,133.1,0,0
11,2010.14,6,182.74,1,0
6,693.84,10,115.64,0,0
7,734.65,8,104.95,1,0
16,3192.64,24,199.54,0,0
18,2999.7,4,166.65,0,0
11,2024.77,9,184.07,1,1
12,1961.76,6,163.48,0,0
9,1265.13,10,140.57,0,0
13,2330.64,5,179.28,0,0
11,1803.89,9,163.99,0,0
12,1496.76,11,124.73,0,0
12,1785.12,13,148.76,0,0
14,1189.3,6,84.95,0,1
9,484.2,4,53.8,1,0
10,1229.6,3,122.96,0,1
14,893.62,7,63.83,0,1
13,1507.87,6,115.99,0,1
9,1392.93,10,154.77,0,0
10,1127.7,7,112.77,0,0
14,2491.3,12,177.95,0,0
7,571.83,6,81.69,0,1
12,2025.48,7,168.79,1,0
11,1752.08,10,159.28,0,0
13,1740.44,6,133.88,1,1
12,1985.04,13,165.42,0,0
15,960.45,5,64.03,1,0
13,2599.87,10,199.99,0,0
9,1136.79,9,126.31,0,0
12,1323.96,10,110.33,0,0
11,1566.07,10,142.37,0,0
9,493.92,7,54.88,0,1
10,825.6,10,82.56,0,0
18,1551.96,3,86.22,1,0
15,814.05,11,54.27,0,0
9,1544.94,5,171.66,0,0
6,1033.5,14,172.25,0,0
11,1777.05,10,161.55,0,0
7,435.68,5,62.24,0,0
12,2185.56,5,182.13,0,0
17,1341.13,13,78.89,0,0
9,1053.72,8,117.08,0,1
10,1999.9,5,199.99,0,1
11,896.17,8,81.47,0,0
16,2436.48,9,152.28,0,0
14,2705.64,6,193.26,0,1
10,1183.2,3,118.32,0,1
8,746.08,6,93.26,1,0
10,939.8,15,93.98,0,0
7,1242.43,9,177.49,0,0
10,1816.7,10,181.67,0,0
13,668.2,6,51.4,0,1
16,1618.56,11,101.16,0,0
10,1024,10,102.4,0,0
11,677.93,10,61.63,0,0
13,803.27,23,61.79,0,0
8,433.44,8,54.18,0,0
5,250.35,6,50.07,0,0
9,1162.44,7,129.16,0,0
9,1114.38,8,123.82,0,0
9,1120.41,7,124.49,0,0
19,1500.81,19,78.99,1,1
10,977.2,6,97.72,1,0
9,1649.97,5,183.33,1,0
13,2398.5,8,184.5,0,0
8,1123.6,8,140.45,1,0
11,1183.6,5,107.6,0,1
9,1293.39,9,143.71,1,1
6,621.72,9,103.62,0,0
7,510.23,10,72.89,0,0
12,1819.56,8,151.63,0,0
13,1156.22,3,88.94,0,1
9,759.6,12,84.4,0,0
15,1463.85,8,97.59,1,0
11,1077.12,7,97.92,0,1
10,1977.1,10,197.71,0,0
11,1391.83,10,126.53,0,0
8,1562.4,2,195.3,0,1
10,1109,6,110.9,0,1
12,1462.44,5,121.87,0,0
8,1433.92,10,179.24,0,0
8,1309.12,13,163.64,0,0
12,1237.92,11,103.16,0,0
13,1020.89,10,78.53,0,0
11,1237.83,12,112.53,0,0
11,1644.5,12,149.5,0,0
11,1903.66,9,173.06,0,0
8,934.72,7,116.84,1,0
12,716.52,5,59.71,0,0
12,1240.32,12,103.36,0,0
4,309.08,8,77.27,0,0
13,2423.07,10,186.39,0,0
10,1868.9,10,186.89,0,0
15,2331,4,155.4,0,0
12,1934.4,8,161.2,0,0
15,2607,6,173.8,0,1
12,2105.76,8,175.48,0,0
9,520.2,9,57.8,0,0
9,1690.29,11,187.81,0,0
8,1500.64,7,187.58,0,0
12,2159.04,6,179.92,0,1
13,1881.36,9,144.72,0,0
13,2590.25,4,199.25,1,0
10,691.2,13,69.12,0,0
8,554.64,7,69.33,0,0
10,1734.8,9,173.48,0,1
6,352.38,3,58.73,0,0
11,2050.51,9,186.41,0,0
15,1626.15,8,108.41,0,0
5,423.05,7,84.61,0,1
12,723.72,5,60.31,0,0
9,1477.44,9,164.16,0,1
13,1559.09,7,119.93,0,1
14,1462.02,9,104.43,1,1
14,1411.2,5,100.8,1,1
11,1760.55,5,160.05,1,1
10,1410.8,9,141.08,0,0
19,2452.52,13,129.08,0,0
10,1591.1,11,159.11,0,0
6,1129.32,3,188.22,0,0
8,1227.68,9,153.46,0,1
11,2022.24,8,183.84,0,1
9,1626.03,5,180.67,0,1
7,949.48,6,135.64,0,0
15,2940.9,8,196.06,0,0
12,2162.64,10,180.22,0,0
11,1343.87,8,122.17,0,1
9,1776.42,6,197.38,1,1
12,1541.52,21,128.46,0,0
5,356.45,6,71.29,1,0
8,1109.68,8,138.71,1,0
15,2374.2,9,158.28,0,0
12,2358,9,196.5,0,0
10,1206.5,7,120.65,0,0
13,1739.4,9,133.8,0,0
11,1404.15,7,127.65,0,1
10,1433.3,10,143.33,0,0
8,1530.64,10,191.33,0,0
12,1198.92,7,99.91,0,1
9,1413.45,11,157.05,0,1
12,2207.28,6,183.94,1,0
11,1363.56,6,123.96,1,1
8,1104.48,9,138.06,0,0
8,860.64,7,107.58,0,0
14,2275.14,6,162.51,0,0
11,857.45,8,77.95,1,0
10,531.5,6,53.15,0,0
14,1266.44,11,90.46,0,0
9,1302.3,4,144.7,1,1
7,744.87,11,106.41,0,0
12,841.2,8,70.1,0,0
10,602.8,9,60.28,0,0
7,1048.67,5,149.81,1,1
11,1221.88,6,111.08,0,1
7,1160.95,10,165.85,0,0
8,577.44,9,72.18,0,0
9,1107.99,6,123.11,0,0
13,1897.22,9,145.94,1,0
11,2030.82,7,184.62,0,0
14,1667.82,7,119.13,0,0
14,2657.62,7,189.83,1,0
12,2322.96,7,193.58,0,0
10,1039.4,12,103.94,0,0
13,1750.19,3,134.63,1,1
13,1477.06,7,113.62,0,0
13,732.29,11,56.33,1,0
13,2321.93,6,178.61,1,0
10,899.2,9,89.92,0,0
10,797.9,6,79.79,1,1
12,2345.88,11,195.49,0,0
8,1188.48,5,148.56,1,0
14,2039.38,13,145.67,0,0
13,780.39,7,60.03,0,0
7,504.35,10,72.05,0,0
16,1230.88,7,76.93,0,0
12,2189.88,8,182.49,0,0
7,1320.27,7,188.61,0,0
20,1492.4,8,74.62,0,0
10,1577.3,6,157.73,1,0
8,1294.4,11,161.8,0,0
17,1418.14,22,83.42,0,0
11,640.86,12,58.26,0,0
15,1607.1,9,107.14,0,1
10,1988.5,7,198.85,0,0
7,776.93,6,110.99,1,0
9,869.58,9,96.62,1,0
8,923.04,10,115.38,0,0
13,1432.47,8,110.19,0,0
13,1006.59,9,77.43,0,0
13,1768.78,14,136.06,0,0
13,2051.14,5,157.78,1,0
9,736.74,9,81.86,0,0
15,2814,8,187.6,0,0
7,494.62,11,70.66,0,0
7,640.36,7,91.48,0,1
10,1819.1,10,181.91,0,0
12,1055.04,5,87.92,0,0
18,2635.38,8,146.41,0,0
13,2002.26,7,154.02,0,1
12,1094.04,7,91.17,1,0
10,975.5,9,97.55,0,0
15,1592.4,10,106.16,0,0
12,1665.48,5,138.79,1,1
11,627.11,4,57.01,0,0
10,1210.1,12,121.01,0,0
11,1549.24,10,140.84,1,0
8,971.92,12,121.49,0,0
13,1184.17,10,91.09,0,0
9,866.25,15,96.25,0,0
4,715.08,11,178.77,1,0
12,1972.56,9,164.38,0,0
14,1861.44,7,132.96,0,0
11,670.45,15,60.95,0,0
16,1839.2,6,114.95,1,0
12,788.28,7,65.69,0,0
10,798.7,6,79.87,1,1
4,564.32,10,141.08,0,0
13,763.62,6,58.74,0,0
6,571.44,4,95.24,0,1
9,1213.56,12,134.84,0,0
4,689.32,8,172.33,0,0
9,859.68,7,95.52,0,0
7,750.68,9,107.24,0,1
5,711.6,3,142.32,0,1
5,678.05,9,135.61,0,0
14,1550.22,10,110.73,0,0
13,2438.02,8,187.54,0,1
13,949.52,2,73.04,1,0
12,1789.2,8,149.1,0,0
12,2311.08,9,192.59,0,0
11,1544.07,9,140.37,0,0
12,1554.6,9,129.55,1,0
10,1878.7,23,187.87,0,0
8,1001.76,10,125.22,0,0
9,1207.17,7,134.13,0,1
11,860.75,9,78.25,0,0
6,1199.64,11,199.94,0,0
10,986.4,7,98.64,0,0
11,984.72,13,89.52,0,0
13,2429.18,5,186.86,0,1
13,1470.3,8,113.1,0,0
20,2920.4,10,146.02,0,0
14,2625.84,3,187.56,0,0
8,1065.12,11,133.14,0,0
7,881.58,25,125.94,0,0
5,450.7,8,90.14,0,0
11,1370.16,8,124.56,0,1
8,784.24,7,98.03,1,0
7,1165.57,13,166.51,0,0
12,1470.12,8,122.51,0,0
5,341.15,7,68.23,0,0
9,485.91,7,53.99,0,1
13,1326,5,102,0,1
14,2472.96,5,176.64,0,1
13,1130.48,7,86.96,0,0
10,1888.2,7,188.82,0,1
14,2452.94,8,175.21,0,0
14,1431.5,8,102.25,0,0
13,1892.02,9,145.54,0,0
18,3159.9,6,175.55,1,1
7,573.51,10,81.93,0,0
11,1927.53,5,175.23,1,0
9,1074.51,8,119.39,1,0
11,668.69,6,60.79,0,0
11,1258.62,7,114.42,1,0
12,1447.2,6,120.6,1,0
10,1377,10,137.7,0,0
14,2132.9,8,152.35,1,0
8,836.32,9,104.54,0,0
12,2383.68,10,198.64,0,0
15,2946.15,11,196.41,0,0
7,800.31,9,114.33,1,0
8,1066.16,10,133.27,0,0
15,1681.2,8,112.08,0,0
13,2483.39,9,191.03,0,1
12,1951.56,6,162.63,0,0
6,1024.68,6,170.78,0,0
7,1047.83,9,149.69,0,0
21,3028.41,6,144.21,1,0
11,1032.57,8,93.87,0,0
7,511.35,14,73.05,0,0
8,893.6,11,111.7,0,0
17,2466.02,14,145.06,0,0
11,1465.64,6,133.24,0,0
10,1626.2,4,162.62,0,1
9,793.08,6,88.12,1,1
15,2722.05,6,181.47,0,0
14,2020.76,6,144.34,0,0
10,669.9,7,66.99,1,0
7,990.43,7,141.49,0,0
11,727.76,9,66.16,0,1
9,1786.59,8,198.51,1,1
11,2059.53,10,187.23,1,0
6,815.76,11,135.96,0,0
11,1250.37,15,113.67,0,0
6,596.88,8,99.48,0,0
12,1632.72,7,136.06,0,0
7,1164.38,10,166.34,0,0
12,1462.08,24,121.84,0,0
20,2455.4,8,122.77,0,0
15,2245.95,8,149.73,0,0
14,1456.7,9,104.05,1,0
13,1093.04,8,84.08,0,0
13,2178.67,9,167.59,0,1
7,803.46,9,114.78,1,0
9,1195.29,13,132.81,0,0
12,687.12,8,57.26,0,0
14,2008.86,9,143.49,0,0
13,907.92,5,69.84,0,0
13,2525.25,7,194.25,0,0
11,1266.1,7,115.1,0,1
10,642.9,11,64.29,0,0
10,870,7,87,0,0
16,896.8,7,56.05,0,0
13,1584.31,11,121.87,0,0
11,870.43,6,79.13,0,1
17,1143.25,12,67.25,0,0
10,1441.2,9,144.12,1,0
13,2562.69,9,197.13,0,0
16,1169.44,9,73.09,0,0
18,1712.88,3,95.16,0,1
9,1032.93,9,114.77,0,0
9,1557.81,7,173.09,0,1
8,590.96,9,73.87,0,0
14,2624.16,9,187.44,0,0
12,1953,8,162.75,0,0
9,962.01,6,106.89,1,0
12,1458.36,7,121.53,1,1
13,833.69,6,64.13,1,0
9,955.35,10,106.15,0,0
10,1462,22,146.2,0,0
8,1063.04,11,132.88,0,0
10,1912,2,191.2,0,1
7,1011.01,8,144.43,0,0
7,1087.52,10,155.36,0,0
11,1888.37,4,171.67,0,0
13,745.29,11,57.33,0,0
3,342.69,12,114.23,0,0
13,1312.22,23,100.94,0,0
9,1113.21,25,123.69,0,0
14,2056.18,6,146.87,0,1
12,1253.04,7,104.42,0,0
15,2685,9,179,1,0
12,935.64,9,77.97,1,0
7,479.99,9,68.57,0,0
7,584.92,9,83.56,0,0
13,1653.34,12,127.18,0,0
4,601.12,10,150.28,0,0
9,1301.94,9,144.66,1,0
10,1513.5,12,151.35,0,0
15,2360.85,10,157.39,0,0
11,1962.95,7,178.45,0,0
12,1464.6,7,122.05,1,0
17,2370.65,8,139.45,0,0
11,2125.09,7,193.19,0,1
12,2191.68,14,182.64,0,0
13,1783.99,7,137.23,0,0
7,1255.24,5,179.32,0,0
14,1147.02,6,81.93,0,1
13,1883.44,9,144.88,0,0
10,1434.5,12,143.45,0,0
7,360.92,11,51.56,0,0
11,1705.77,6,155.07,1,0
9,1797.75,8,199.75,0,0
2,107.28,9,53.64,0,0
14,2216.34,6,158.31,0,0
12,1151.64,7,95.97,0,0
7,1152.62,2,164.66,0,0
11,623.04,9,56.64,0,0
17,1257.83,5,73.99,0,0
9,1382.94,6,153.66,0,0
8,518.8,9,64.85,0,0
10,1996.4,10,199.64,0,0
9,1696.05,22,188.45,0,0
16,2780.8,6,173.8,1,0
9,711.27,12,79.03,0,0
14,1332.8,8,95.2,1,0
8,1559.28,5,194.91,0,1
9,1581.12,8,175.68,0,0
10,1751.4,4,175.14,1,1
8,1030.56,3,128.82,0,1
9,1680.93,11,186.77,0,0
10,1055.1,5,105.51,1,0
14,2751.56,10,196.54,0,0
20,1601,7,80.05,0,0
17,2669.85,7,157.05,1,0
13,2473.77,7,190.29,0,0
9,839.34,8,93.26,0,0
8,1083.44,9,135.43,0,0
11,1692.9,8,153.9,0,1
9,891.18,8,99.02,0,0
9,1774.62,13,197.18,0,0
20,3930,9,196.5,0,0
11,1498.2,6,136.2,0,0
6,1176.12,8,196.02,1,0
11,1982.2,10,180.2,0,0
4,678.48,6,169.62,1,1
12,1357.68,13,113.14,0,0
14,2579.22,10,184.23,0,0
11,1038.18,12,94.38,0,0
16,2984.32,12,186.52,0,0
7,592.48,10,84.64,0,0
13,1680.64,8,129.28,1,0
9,1354.14,8,150.46,0,0
10,552.8,7,55.28,1,0
12,2226.12,13,185.51,0,0
16,1853.44,6,115.84,1,0
13,2036.84,11,156.68,0,0
12,1708.08,10,142.34,0,0
12,2009.4,7,167.45,0,1
8,708.64,10,88.58,0,0
16,1295.52,10,80.97,0,0
17,3342.03,11,196.59,1,0
8,477.36,12,59.67,0,0
15,1031.7,4,68.78,0,0
9,1654.29,8,183.81,0,0
14,1247.82,23,89.13,0,0
15,1155.9,10,77.06,0,0
21,1398.6,5,66.6,1,0
11,1152.25,3,104.75,0,0
8,536.56,11,67.07,0,0
17,3375.52,11,198.56,0,0
12,638.28,6,53.19,0,0
16,1471.68,11,91.98,0,0
9,1369.17,12,152.13,0,0
16,2602.24,7,162.64,0,0
17,1367.99,9,80.47,0,0
18,1330.02,10,73.89,0,0
14,2030.98,12,145.07,0,0
9,905.49,11,100.61,0,0
13,2116.01,6,162.77,0,1
9,1320.75,7,146.75,0,0
11,1626.35,8,147.85,0,1
15,1337.1,3,89.14,1,1
6,692.04,13,115.34,0,0
16,2770.72,9,173.17,0,0
14,949.06,23,67.79,1,0
9,1484.55,4,164.95,0,0
8,686.88,8,85.86,1,0
7,1100.96,9,157.28,0,0
10,1696.5,11,169.65,0,0
15,1359.6,7,90.64,1,0
7,688.24,8,98.32,0,0
8,1421.04,10,177.63,0,0
9,1327.59,1,147.51,1,1
16,1484.32,10,92.77,0,0
12,2060.4,8,171.7,0,0
13,1483.17,7,114.09,0,0
11,1216.27,7,110.57,0,1
16,1350.56,6,84.41,0,1
5,362.25,5,72.45,1,1
18,2331.36,14,129.52,0,0
15,817.2,9,54.48,0,0
7,1021.3,10,145.9,0,0
11,722.26,8,65.66,0,0
9,1452.33,2,161.37,0,1
9,1410.66,7,156.74,0,0
10,1389.1,7,138.91,0,0
11,1092.74,7,99.34,1,0
12,2188.08,6,182.34,0,1
15,1707.9,10,113.86,0,0
8,1569.44,6,196.18,0,0
12,1070.28,25,89.19,0,0
11,1111.88,9,101.08,1,0
11,864.93,14,78.63,0,0
13,2338.83,8,179.91,0,0
8,1546.24,6,193.28,1,0
13,2321.28,7,178.56,1,0
9,1394.73,12,154.97,0,0
7,815.99,9,116.57,0,0
10,1400.1,4,140.01,1,1
11,1289.2,10,117.2,0,0
11,1959.32,12,178.12,0,0
16,2797.92,11,174.87,0,0
13,779.61,6,59.97,1,1
12,2358.48,10,196.54,0,0
8,980.08,5,122.51,0,0
10,565.9,12,56.59,0,0
7,678.23,10,96.89,0,0
10,1733.4,7,173.34,0,1
12,894.24,13,74.52,0,0
12,721.44,10,60.12,0,0
14,1736.14,6,124.01,1,0
7,1360.24,4,194.32,1,1
11,1053.69,6,95.79,0,1
13,1968.33,8,151.41,0,0
9,532.17,9,59.13,0,0
10,966.6,6,96.66,0,1
10,1020.1,8,102.01,0,0
10,1189.7,10,118.97,0,0
11,1600.28,24,145.48,0,0
14,2444.82,11,174.63,0,0
12,1388.16,10,115.68,0,0
11,2183.83,9,198.53,0,0
11,1319.23,7,119.93,0,1
7,617.12,10,88.16,0,0
5,745.25,9,149.05,0,0
15,2085.45,9,139.03,0,0
12,1258.2,8,104.85,0,0
11,1964.49,11,178.59,0,0
11,1121.89,23,101.99,0,1
13,996.32,10,76.64,0,0
8,1260.56,9,157.57,0,0
10,1948.1,12,194.81,0,0
5,771.4,5,154.28,1,1
12,1888.68,9,157.39,0,0
11,1971.97,7,179.27,0,1
7,854,8,122,1,0
10,1058.4,7,105.84,0,0
10,1206.7,7,120.67,0,0
7,1160.25,10,165.75,0,0
12,1829.52,7,152.46,0,0
11,1654.07,10,150.37,0,0
11,1721.28,9,156.48,0,0
15,1860.15,10,124.01,0,0
10,611.4,8,61.14,0,0
13,2131.61,10,163.97,0,0
15,2372.4,8,158.16,0,0
10,1994.7,9,199.47,0,0
14,1609.3,7,114.95,0,0
12,1780.44,3,148.37,1,0
9,671.31,14,74.59,0,0
16,2573.12,9,160.82,0,0
12,1838.52,24,153.21,0,0
8,1260.72,4,157.59,1,1
7,1125.88,7,160.84,0,0
14,2630.04,11,187.86,0,0
6,824.7,6,137.45,0,0
12,970.08,7,80.84,1,1
10,1884.6,6,188.46,0,0
6,717.54,7,119.59,0,0
10,1569.8,12,156.98,0,0
13,2482.87,22,190.99,0,0
6,1041.9,8,173.65,0,0
9,988.11,3,109.79,1,0
9,1241.91,8,137.99,0,0
12,1445.4,4,120.45,0,1
4,571.24,6,142.81,1,1
13,1552.46,9,119.42,0,0
7,1198.54,6,171.22,0,1
17,1737.06,3,102.18,1,1
15,2072.4,7,138.16,0,1
5,335.6,9,67.12,1,0
14,1472.66,7,105.19,1,0
14,2196.88,10,156.92,0,0
6,1145.7,8,190.95,1,0
12,732.6,6,61.05,0,1
13,1386.84,10,106.68,0,0
10,1080.7,12,108.07,0,0
10,1510.3,7,151.03,1,0
10,1110.7,3,111.07,0,1
12,1653.84,7,137.82,0,0
8,1174.4,6,146.8,1,0
12,619.56,4,51.63,1,1
13,2193.75,7,168.75,0,1
12,1673.16,11,139.43,0,0
11,1531.64,8,139.24,0,0
7,818.79,8,116.97,0,0
11,1740.64,10,158.24,0,0
11,2102.43,11,191.13,0,0
7,450.31,9,64.33,0,0
9,1610.73,6,178.97,0,0
11,1423.51,6,129.41,0,0
9,1043.73,8,115.97,0,0
10,1875.4,8,187.54,0,0
11,2072.4,6,188.4,0,0
8,908.24,10,113.53,0,0
11,597.52,6,54.32,0,1
12,1147.8,6,95.65,1,0
16,1472.48,7,92.03,0,0
13,2533.05,8,194.85,0,0
20,3078.8,8,153.94,1,0
12,1963.44,8,163.62,0,1
9,1438.38,6,159.82,0,0
6,550.02,11,91.67,0,0
14,1469.02,8,104.93,0,0
8,1225.84,5,153.23,1,1
17,2762.67,7,162.51,1,1
15,1771.65,8,118.11,0,1
16,1575.2,8,98.45,0,0
9,891.54,7,99.06,0,0
5,971.15,6,194.23,0,0
15,1947.15,24,129.81,0,0
8,580.64,8,72.58,0,0
12,1295.16,8,107.93,0,0
13,1050.79,10,80.83,0,0
21,2633.19,7,125.39,0,0
18,973.26,6,54.07,0,1
8,1166.08,23,145.76,0,0
13,729.3,4,56.1,1,1
9,1238.85,8,137.65,0,0
12,1054.08,12,87.84,0,0
10,1548.9,9,154.89,0,0
8,413.68,8,51.71,1,0
17,3187.84,3,187.52,0,1
10,1916.3,6,191.63,0,0
10,1006.2,5,100.62,1,0
8,899.6,5,112.45,0,1
9,695.25,23,77.25,0,0
11,2083.95,8,189.45,0,1
8,1424.72,8,178.09,0,0
12,722.88,8,60.24,0,0
10,1594.9,8,159.49,1,0
8,600,11,75,0,0
10,1749.7,7,174.97,0,1
13,888.16,5,68.32,0,1
9,1230.57,9,136.73,1,0
13,1146.86,7,88.22,0,0
12,2342.76,3,195.23,1,0
8,1053.2,7,131.65,0,0
10,1515.3,5,151.53,1,1
11,1383.47,11,125.77,0,0
11,760.43,13,69.13,0,0
15,1406.7,9,93.78,0,0
16,2384.8,9,149.05,0,0
9,1560.96,7,173.44,0,1
17,1800.47,7,105.91,0,0
11,960.85,8,87.35,0,0
5,851.05,5,170.21,1,0
5,274,8,54.8,0,0
10,1532.4,7,153.24,0,1
12,1961.4,13,163.45,0,0
19,1170.97,12,61.63,0,0
13,1710.8,8,131.6,0,0
9,1571.94,10,174.66,0,0
17,1893.46,4,111.38,0,1
15,1044.45,8,69.63,0,0
7,1110.69,8,158.67,0,0
13,2591.16,9,199.32,0,0
7,1218.98,9,174.14,0,0
10,949,6,94.9,0,1
15,1800.9,12,120.06,0,0
8,717.36,10,89.67,0,0
11,2158.53,9,196.23,0,0
6,622.44,8,103.74,0,1
12,1157.04,10,96.42,0,0
6,886.68,13,147.78,0,0
8,1590.72,15,198.84,0,0
13,679.51,9,52.27,0,0
13,1237.86,11,95.22,0,0
12,1528.2,9,127.35,0,0
11,1212.42,2,110.22,1,0
15,1661.4,8,110.76,0,0
12,2110.32,14,175.86,0,0
10,1233.5,6,123.35,0,1
12,1541.4,6,128.45,0,1
12,1717.32,7,143.11,0,0
19,2696.29,11,141.91,0,0
14,1921.22,7,137.23,0,0
13,1572.22,9,120.94,0,0
10,1720.3,9,172.03,0,0
7,1362.69,10,194.67,0,0
13,1936.87,11,148.99,0,0
8,1399.52,15,174.94,0,0
13,2264.47,8,174.19,0,0
8,447.68,9,55.96,0,0
7,1063.3,6,151.9,1,0
10,1317.5,5,131.75,0,0
10,564.2,11,56.42,0,0
7,648.13,14,92.59,0,0
13,1876.03,25,144.31,0,0
11,1140.26,7,103.66,0,0
8,1232.96,10,154.12,0,0
11,1000.67,12,90.97,0,0
11,739.75,7,67.25,0,1
17,1509.26,9,88.78,0,0
10,1670.5,10,167.05,0,0
9,1460.61,9,162.29,0,0
12,868.8,9,72.4,0,0
10,1584.8,21,158.48,1,0
16,2183.04,7,136.44,0,0
11,1413.94,16,128.54,0,0
10,1483.7,8,148.37,0,0
9,1356.48,10,150.72,0,0
9,1488.15,10,165.35,0,0
10,907.7,11,90.77,0,0
12,2191.44,8,182.62,1,0
10,1385.2,10,138.52,0,0
15,2174.7,9,144.98,0,0
5,455.6,8,91.12,1,0
12,619.2,7,51.6,0,0
10,1540.7,7,154.07,1,1
11,1309,8,119,0,0
10,1382.9,7,138.29,0,0
4,466.24,8,116.56,0,0
11,785.62,9,71.42,0,0
11,1777.05,8,161.55,1,0
10,637.5,8,63.75,1,0
9,1250.55,6,138.95,0,0
13,2526.16,8,194.32,1,0
15,1156.2,6,77.08,0,1
14,1735.72,9,123.98,0,0
10,1640,6,164,0,1
10,1398.4,6,139.84,1,0
14,2643.9,12,188.85,0,0
12,1918.56,8,159.88,0,0
4,270.76,10,67.69,0,0
9,597.33,10,66.37,0,0
10,633,20,63.3,1,1
10,1219.3,8,121.93,1,0
6,703.08,25,117.18,0,0
17,2503.08,10,147.24,0,0
10,1187.9,24,118.79,0,0
12,2236.2,8,186.35,0,1
12,938.4,9,78.2,0,0
11,956.34,13,86.94,0,0
9,669.24,9,74.36,0,0
11,2120.58,11,192.78,0,0
9,537.3,8,59.7,0,0
20,1710.6,9,85.53,1,0
17,2122.11,9,124.83,0,0
17,2252.67,10,132.51,0,0
10,1402.8,11,140.28,0,0
12,1948.44,21,162.37,1,0
15,2227.95,7,148.53,0,0
13,1749.41,8,134.57,0,0
5,292.35,2,58.47,0,0
12,890.16,9,74.18,1,0
13,2297.36,10,176.72,0,0
15,2513.7,11,167.58,0,0
8,684.72,6,85.59,1,1
14,1286.46,12,91.89,0,0
8,1224.16,6,153.02,1,0
10,1024,5,102.4,0,1
11,1569.59,10,142.69,0,0
8,941.84,9,117.73,0,0
11,1901.68,5,172.88,0,0
6,1087.86,12,181.31,0,0
11,868.23,8,78.93,0,0
10,1669.2,9,166.92,1,0
16,2684.8,8,167.8,1,0
10,867.7,10,86.77,0,0
9,1396.17,15,155.13,0,0
12,1023.24,9,85.27,0,0
12,1072.2,9,89.35,0,0
10,1269.6,4,126.96,1,1
14,2268,8,162,1,1
9,1232.73,11,136.97,0,0
8,405.52,4,50.69,0,0
10,1338.5,9,133.85,0,0
12,1568.52,4,130.71,1,1
11,884.4,10,80.4,0,0
14,1031.94,23,73.71,0,0
9,1090.71,9,121.19,0,0
18,3545.28,14,196.96,0,0
17,1981.18,10,116.54,0,0
9,703.71,1,78.19,1,1
12,910.92,8,75.91,0,0
7,1366.82,8,195.26,0,0
11,2184.82,6,198.62,0,0
7,424.06,8,60.58,0,0
9,727.65,9,80.85,0,0
12,1285.44,4,107.12,0,1
4,791.88,8,197.97,0,0
11,681.45,11,61.95,0,0
12,730.68,10,60.89,0,0
10,1030.2,6,103.02,0,0
14,1669.08,6,119.22,1,0
6,1136.64,13,189.44,0,0
14,1319.78,8,94.27,0,0
9,949.05,6,105.45,0,0
9,1322.19,9,146.91,0,0
11,742.94,8,67.54,0,0
15,1882.2,6,125.48,0,1
18,2020.14,13,112.23,0,0
11,1208.9,5,109.9,1,0
12,1103.76,3,91.98,1,0
8,486.64,10,60.83,0,0
13,1312.61,8,100.97,0,0
9,1124.55,9,124.95,0,0
5,310.05,4,62.01,1,0
10,1679.4,5,167.94,1,0
9,523.98,5,58.22,1,0
12,1276.08,8,106.34,0,0
12,827.04,24,68.92,1,0
17,2951.71,14,173.63,0,0
11,1998.15,9,181.65,0,0
16,3140,8,196.25,0,0
13,2101.19,4,161.63,0,1
15,1557.45,11,103.83,0,0
7,887.95,10,126.85,0,0
17,2016.88,4,118.64,0,1
7,586.39,26,83.77,0,0
13,2303.6,4,177.2,0,1
10,1337.9,8,133.79,0,0
10,1393.5,7,139.35,0,0
12,1349.76,7,112.48,0,0
15,1713.45,6,114.23,1,0
16,2188,3,136.75,0,1
19,1223.6,7,64.4,0,0
14,1423.8,9,101.7,0,0
11,1683.77,12,153.07,0,0
10,1549,5,154.9,1,0
8,956.32,6,119.54,0,0
8,1103.68,24,137.96,0,0
11,2160.18,7,196.38,0,0
10,1956.5,5,195.65,1,1
18,984.78,10,54.71,0,0
8,638.16,10,79.77,0,0
7,1124.06,10,160.58,1,0
13,1518.53,8,116.81,0,0
10,1420.5,6,142.05,0,0
8,1032.24,8,129.03,0,0
19,1587.26,9,83.54,0,0
10,1838.7,7,183.87,0,0
6,697.62,9,116.27,0,0
23,1436.58,10,62.46,0,0
15,1986,5,132.4,0,0
13,2335.84,10,179.68,0,0
9,1674.63,5,186.07,0,0
14,1759.66,10,125.69,0,0
13,2066.61,10,158.97,0,0
10,617.1,8,61.71,0,0
11,796.4,7,72.4,1,1
4,564.88,11,141.22,0,0
10,1788.6,10,178.86,0,0
9,1671.12,9,185.68,0,0
11,976.69,26,88.79,0,0
15,1764.15,8,117.61,0,1
11,807.73,5,73.43,1,1
13,1952.86,7,150.22,0,1
13,1769.95,22,136.15,1,0
18,1811.88,6,100.66,0,0
10,1749.4,9,174.94,0,0
9,1275.84,10,141.76,0,0
6,1071.24,6,178.54,0,0
14,2709.7,6,193.55,0,0
10,774,9,77.4,1,0
9,560.79,9,62.31,0,0
11,733.81,9,66.71,0,0
12,1372.56,9,114.38,0,1
8,703.36,6,87.92,0,0
9,1407.96,11,156.44,0,0
10,1486.9,6,148.69,0,0
13,2546.05,10,195.85,0,0
12,2019.12,14,168.26,0,0
7,916.3,7,130.9,0,1
13,1694.68,9,130.36,0,0
11,1389.52,9,126.32,0,0
7,423.64,9,60.52,0,0
8,1389.52,6,173.69,0,0
6,1069.92,11,178.32,0,0
15,2134.05,6,142.27,0,0
13,836.03,11,64.31,0,0
8,850.08,11,106.26,0,0
9,1729.62,6,192.18,1,0
13,1890.59,7,145.43,1,1
7,479.08,8,68.44,0,0
15,2004.75,8,133.65,0,0
7,1138.27,9,162.61,0,0
6,599.1,8,99.85,0,0
9,1671.66,23,185.74,0,0
17,3120.01,8,183.53,0,0
11,1979.01,8,179.91,0,0
16,1791.52,10,111.97,0,0
9,992.07,8,110.23,1,0
12,1681.2,11,140.1,0,0
9,1309.32,8,145.48,0,0
9,1146.6,12,127.4,0,0
11,815.32,15,74.12,0,0
7,608.65,9,86.95,0,0
11,2043.14,12,185.74,0,0
12,1244.52,7,103.71,1,0
10,952.9,8,95.29,0,0
10,1746,8,174.6,1,0
7,1042.86,12,148.98,0,0
6,1198.32,5,199.72,0,1
5,818.4,1,163.68,1,1
10,655.3,10,65.53,0,0
13,2321.02,10,178.54,0,0
15,2342.1,7,156.14,0,0
15,2091.45,8,139.43,0,0
10,508.1,7,50.81,0,0
7,1351.77,6,193.11,1,1
10,1351.7,11,135.17,0,0
10,1800.5,9,180.05,0,0
17,2931.14,23,172.42,1,0
12,1244.28,22,103.69,0,0
13,1578.07,8,121.39,0,0
19,3295.74,10,173.46,0,0
18,3238.92,7,179.94,0,0
12,2390.76,7,199.23,1,0
18,1988.1,11,110.45,0,0
14,1699.18,11,121.37,0,0
13,2015,8,155,0,0
11,845.24,9,76.84,0,0
4,498.08,8,124.52,0,0
11,1182.39,6,107.49,0,1
6,571.92,6,95.32,0,0
13,2336.23,13,179.71,0,0
17,3052.69,12,179.57,0,0
8,1503.2,23,187.9,1,0
9,1536.57,11,170.73,0,0
13,2028.39,11,156.03,0,0
9,1278.72,4,142.08,1,1
12,2022.96,14,168.58,0,0
6,770.94,11,128.49,0,0
10,1531.8,8,153.18,0,1
10,1885.2,9,188.52,0,0
15,1406.25,5,93.75,1,0
16,2200.32,9,137.52,0,0
7,518,9,74,0,0
3,514.35,7,171.45,0,0
10,1212.3,22,121.23,0,0
11,664.18,20,60.38,0,1
8,948,9,118.5,0,0
13,1445.21,12,111.17,0,0
12,927.12,5,77.26,1,0
8,1423.12,5,177.89,1,0
10,1431.1,9,143.11,0,0
14,903.42,9,64.53,0,0
11,1761.54,7,160.14,0,0
7,351.26,9,50.18,1,0
12,671.52,7,55.96,0,0
13,971.62,8,74.74,0,1
9,500.58,10,55.62,0,0
13,1516.84,7,116.68,0,0
11,1868.46,7,169.86,0,0
17,3184.95,14,187.35,0,0
12,1279.68,6,106.64,0,1
8,890.56,9,111.32,0,0
10,1114.1,9,111.41,0,0
12,1581.36,5,131.78,0,1
8,498.32,11,62.29,0,0
11,877.91,9,79.81,0,0
11,917.29,9,83.39,1,1
10,1677.4,5,167.74,0,0
12,2078.4,8,173.2,0,0
6,872.52,8,145.42,0,0
12,1907.16,4,158.93,0,0
9,926.28,11,102.92,0,0
12,1172.76,9,97.73,0,0
11,1892.55,7,172.05,0,0
9,993.51,4,110.39,1,0
12,1944,7,162,0,0
11,1791.13,3,162.83,0,0
17,1586.95,9,93.35,0,0
8,1179.36,5,147.42,0,0
9,472.59,9,52.51,0,0
5,294,8,58.8,1,0
10,920.7,3,92.07,1,1
15,2281.95,20,152.13,1,1
12,1477.32,8,123.11,0,0
7,1363.46,5,194.78,0,1
11,1545.5,8,140.5,0,0
5,456.75,9,91.35,1,0
11,1945.02,9,176.82,0,0
14,1274.56,8,91.04,0,0
17,1318.18,24,77.54,0,0
11,1586.86,10,144.26,0,0
7,867.02,5,123.86,1,0
9,617.22,13,68.58,0,0
14,2090.76,12,149.34,0,0
12,699.24,8,58.27,0,0
14,1538.88,9,109.92,0,0
10,664.1,9,66.41,0,0
15,2780.1,10,185.34,0,0
11,1818.52,6,165.32,0,1
7,643.93,6,91.99,1,1
3,247.68,8,82.56,0,0
12,1292.76,9,107.73,0,0
10,884.6,6,88.46,0,0
15,1363.95,7,90.93,1,0
15,2885.55,10,192.37,0,0
11,1147.63,8,104.33,0,0
12,2225.16,8,185.43,0,0
13,1342.9,13,103.3,0,0
12,1907.64,4,158.97,0,0
10,985.9,10,98.59,0,0
13,2277.21,8,175.17,0,0
5,881.6,14,176.32,0,0
11,1094.61,13,99.51,0,0
10,1996.9,6,199.69,1,0
11,1751.97,6,159.27,0,1
8,1501.04,11,187.63,0,0
15,2508.6,11,167.24,0,0
12,2024.28,8,168.69,0,0
13,1713.66,9,131.82,0,0
8,1354.48,8,169.31,0,0
12,1702.56,6,141.88,1,0
10,805.9,4,80.59,0,0
9,1768.59,3,196.51,0,1
16,1401.92,12,87.62,0,0
8,835.04,6,104.38,0,1
9,600.66,11,66.74,0,0
9,1421.46,9,157.94,0,0
4,212.84,8,53.21,0,0
14,1782.62,7,127.33,0,1
7,793.45,9,113.35,0,0
13,2377.7,10,182.9,0,0
12,2191.56,5,182.63,1,0
9,537.12,8,59.68,0,0
13,1232.53,7,94.81,0,0
15,2431.35,7,162.09,0,1
10,860.9,8,86.09,0,0
15,2663.25,6,177.55,1,0
14,2176.72,11,155.48,1,0
7,1048.88,7,149.84,0,0
10,1978.8,10,197.88,1,0
13,2448.55,6,188.35,0,1
11,1230.24,10,111.84,0,0
7,1334.41,8,190.63,0,0
11,1658.47,3,150.77,0,0
14,2106.02,5,150.43,1,0
6,1109.88,6,184.98,1,0
14,2076.76,8,148.34,1,0
6,1050.66,10,175.11,0,0
8,696.72,9,87.09,0,0
10,838.2,9,83.82,0,0
16,1672.16,10,104.51,0,0
10,908.3,11,90.83,0,0
16,1823.2,10,113.95,0,0
11,1743.94,8,158.54,0,0
12,2371.92,12,197.66,0,0
6,821.76,4,136.96,1,0
12,1434.84,6,119.57,1,0
14,1765.68,3,126.12,0,1
6,457.68,6,76.28,0,0
9,1490.4,8,165.6,1,0
12,915.48,9,76.29,0,0
13,2170.35,2,166.95,1,1
9,1421.37,13,157.93,0,0
11,1265.88,9,115.08,0,0
22,1549.68,8,70.44,0,1
14,730.24,12,52.16,0,0
8,1336.16,10,167.02,0,0
10,1854,7,185.4,0,1
9,1329.03,5,147.67,0,0
8,720.96,9,90.12,0,0
12,693.12,4,57.76,0,0
20,3009.8,9,150.49,0,0
6,950.64,13,158.44,0,0
17,1339.94,3,78.82,0,1
13,1601.73,7,123.21,1,1
16,1807.68,9,112.98,1,0
15,1068.45,9,71.23,0,0
3,156.72,23,52.24,0,0
13,1248.91,23,96.07,0,0
16,2009.76,9,125.61,0,0
10,1464.6,7,146.46,0,0
9,1610.82,8,178.98,1,0
11,605.33,10,55.03,0,0
18,1336.5,11,74.25,0,0
11,1196.58,8,108.78,0,0
10,1603.4,25,160.34,0,0
8,450.56,13,56.32,0,0
9,1453.14,6,161.46,0,1
6,936.9,5,156.15,1,1
11,1265.99,5,115.09,0,0
18,1199.88,8,66.66,0,0
8,1553.6,6,194.2,0,0
13,1665.17,7,128.09,1,0
9,1369.26,5,152.14,0,0
12,1311.36,7,109.28,0,1
15,2124,11,141.6,0,0
19,3375.54,5,177.66,0,0
9,1076.67,8,119.63,0,1
12,2157,16,179.75,0,0
13,1118.78,7,86.06,0,0
9,549.45,10,61.05,0,0
9,1187.91,8,131.99,1,0
16,2637.92,4,164.87,0,1
9,1203.39,7,133.71,1,1
7,1395.52,7,199.36,0,0
8,1480.56,7,185.07,0,1
12,899.76,6,74.98,0,1
6,877.98,5,146.33,0,1
14,1631.42,8,116.53,0,0
11,903.76,11,82.16,0,0
14,1960.84,9,140.06,0,0
13,1446.25,9,111.25,0,0
12,1564.08,14,130.34,0,0
7,511.56,10,73.08,0,0
10,1940.4,12,194.04,0,0
11,2008.6,12,182.6,0,0
10,1844.9,8,184.49,0,1
11,1324.73,6,120.43,1,0
8,799.36,6,99.92,0,0
7,1266.37,6,180.91,1,0
9,1258.02,6,139.78,0,0
10,1615.2,5,161.52,0,1
10,1714,10,171.4,0,0
7,599.62,7,85.66,0,0
12,1662.48,9,138.54,0,0
15,2529.3,8,168.62,0,1
11,694.76,9,63.16,0,0
12,2091,9,174.25,0,1
12,1177.92,9,98.16,0,0
16,1337.44,11,83.59,0,0
13,1937.39,9,149.03,0,0
7,943.53,3,134.79,1,1
16,2711.84,26,169.49,0,0
6,870.3,8,145.05,0,0
9,1751.85,9,194.65,0,0
17,889.1,13,52.3,0,0
7,433.58,9,61.94,0,0
11,1291.95,8,117.45,0,0
8,1517.84,5,189.73,1,0
10,597.6,22,59.76,1,0
11,1582.35,12,143.85,0,0
15,1323,7,88.2,0,0
8,1376.56,3,172.07,1,1
11,649,7,59,0,0
8,1595.28,6,199.41,1,0
9,1715.58,6,190.62,1,0
9,987.21,10,109.69,0,0
11,833.58,10,75.78,0,0
12,1132.44,5,94.37,1,0
13,2423.46,10,186.42,0,0
9,1438.83,5,159.87,0,0
15,2430,8,162,0,0
8,402.32,27,50.29,0,0
19,3066.22,7,161.38,0,1
11,1359.16,10,123.56,0,0
8,671.6,7,83.95,0,0
10,1350.3,10,135.03,0,0
7,546.42,23,78.06,0,0
15,1902.3,13,126.82,0,0
16,1351.68,23,84.48,0,0
11,1168.42,7,106.22,0,0
12,914.88,15,76.24,0,0
15,2342.25,10,156.15,0,0
15,2970.6,2,198.04,1,1
13,1042.99,6,80.23,1,0
7,487.83,10,69.69,0,0
13,1488.5,9,114.5,0,0
10,1587.5,5,158.75,1,0
10,791.4,24,79.14,1,0
12,771.72,6,64.31,0,0
9,976.05,8,108.45,1,0
20,1344.4,11,67.22,0,0
16,1832.16,4,114.51,1,0
13,2362.49,8,181.73,0,0
9,513.27,3,57.03,0,1
9,1300.86,6,144.54,0,1
11,602.14,8,54.74,0,0
10,1777.3,8,177.73,1,1
10,959.9,7,95.99,1,0
13,1916.59,9,147.43,1,0
13,1473.94,13,113.38,0,0
11,2092.09,8,190.19,0,0
6,725.64,6,120.94,0,0
9,1492.65,8,165.85,0,0
12,889.08,8,74.09,0,0
6,647.46,14,107.91,0,0
10,1177.9,10,117.79,0,0
19,2428.58,13,127.82,0,0
9,811.98,7,90.22,1,0
12,883.44,5,73.62,0,1
14,800.38,11,57.17,1,0
10,1428.1,10,142.81,0,0
13,2340.65,12,180.05,0,0
9,1059.3,9,117.7,0,1
16,1269.92,11,79.37,0,0
11,559.13,11,50.83,0,0
11,2044.46,6,185.86,0,0
15,1658.7,11,110.58,0,0
13,1265.29,7,97.33,1,1
14,1849.68,9,132.12,0,0
14,1504.86,8,107.49,0,0
15,1246.5,7,83.1,0,0
9,1631.88,10,181.32,0,0
8,847.12,3,105.89,0,0
10,1596.8,3,159.68,1,0
9,459.81,11,51.09,0,0
8,516.56,10,64.57,0,0
9,990.27,7,110.03,1,0
13,1216.41,6,93.57,0,1
7,1077.86,7,153.98,0,0
8,870.48,6,108.81,1,1
12,1373.28,9,114.44,0,1
9,1026.09,9,114.01,0,0
13,1437.15,9,110.55,0,0
12,1937.76,8,161.48,0,0
13,2196.22,6,168.94,0,0
14,1464.54,10,104.61,0,0
11,2152.48,7,195.68,1,0
9,1603.89,10,178.21,0,0
12,2234.64,10,186.22,0,0
12,1819.32,8,151.61,0,0
9,525.78,9,58.42,0,1
8,1503.12,8,187.89,0,1
6,981,12,163.5,0,0
12,1894.56,12,157.88,0,0
12,2332.68,3,194.39,1,0
8,1317.92,11,164.74,0,0
6,1033.68,13,172.28,0,0
13,2037.62,3,156.74,1,1
15,918.45,14,61.23,0,0
11,1993.31,5,181.21,0,0
11,1189.98,6,108.18,0,1
9,1060.92,10,117.88,0,0
12,1157.88,9,96.49,0,0
15,2227.95,8,148.53,0,0
12,2071.2,10,172.6,0,0
12,2052,6,171,0,0
16,2526.56,4,157.91,0,0
15,961.65,13,64.11,0,0
12,2260.44,5,188.37,1,0
12,1205.4,4,100.45,1,1
8,668.08,9,83.51,0,0
18,2225.34,9,123.63,0,0
8,485.12,10,60.64,0,0
15,2674.2,11,178.28,0,0
18,1250.1,5,69.45,1,0
11,1488.63,8,135.33,0,0
12,932.4,9,77.7,0,0
9,1496.79,8,166.31,0,0
12,1382.04,13,115.17,0,0
10,513.7,10,51.37,0,0
9,466.92,9,51.88,0,0
8,1334.48,9,166.81,0,0
10,916.7,6,91.67,0,0
8,510.16,8,63.77,0,0
9,704.07,2,78.23,1,0
5,549.4,14,109.88,0,0
10,1173.6,9,117.36,0,0
14,724.92,24,51.78,0,0
10,1551.1,8,155.11,0,0
10,1856.4,6,185.64,1,0
13,2318.68,10,178.36,0,0
12,1744.8,5,145.4,1,1
12,2260.44,12,188.37,0,0
11,846.67,6,76.97,0,0
8,519.92,6,64.99,1,1
14,1482.6,11,105.9,0,0
16,821.28,8,51.33,0,0
11,1688.06,12,153.46,0,0
14,1123.78,5,80.27,0,1
13,1696.5,26,130.5,0,0
7,1380.26,5,197.18,0,0
13,1158.95,7,89.15,0,0
15,2816.4,6,187.76,1,0
6,1142.88,4,190.48,0,1
8,890.08,7,111.26,0,1
9,778.59,13,86.51,0,0
14,1288.56,5,92.04,0,0
4,478,11,119.5,0,0
9,1190.07,10,132.23,0,0
12,2047.68,7,170.64,0,0
11,844.03,8,76.73,0,0
14,2643.62,7,188.83,0,0
9,1092.42,4,121.38,0,0
12,2376.48,6,198.04,1,0
14,1420.3,9,101.45,0,0
11,1668.92,7,151.72,0,0
9,969.03,8,107.67,0,0
10,558.5,5,55.85,1,0
8,789.52,10,98.69,0,0
20,2369.6,4,118.48,0,1
11,880.77,6,80.07,0,0
9,1125.99,6,125.11,1,0
10,1400.5,7,140.05,0,1
14,2727.76,6,194.84,1,0
7,1334.97,4,190.71,1,1
13,2317.12,7,178.24,1,0
11,2144.12,6,194.92,0,0
11,1651.32,11,150.12,0,0
11,961.95,13,87.45,0,0
11,1816.32,6,165.12,0,1
5,991,9,198.2,0,0
8,1145.28,7,143.16,0,0
10,1492.4,9,149.24,0,0
10,1255.6,9,125.56,1,0
15,2764.05,6,184.27,0,0
14,1701.7,22,121.55,0,0
8,992.96,6,124.12,0,0
7,438.69,9,62.67,1,0
10,990.9,7,99.09,0,0
12,1913.52,4,159.46,0,0
6,498.18,8,83.03,1,0
16,1705.44,11,106.59,0,0
11,815.21,9,74.11,0,0
10,1261.2,6,126.12,0,0
14,841.4,9,60.1,0,0
6,644.28,14,107.38,0,0
7,516.25,8,73.75,0,0
4,588.2,10,147.05,0,0
14,1683.78,9,120.27,0,0
3,256.32,7,85.44,0,0
7,614.95,12,87.85,0,0
10,1614.5,25,161.45,0,0
12,1947.84,4,162.32,0,1
12,1651.68,2,137.64,0,1
12,1555.8,9,129.65,0,0
10,549.8,11,54.98,0,0
8,1352,10,169,0,0
10,1952,6,195.2,1,1
17,1653.59,9,97.27,0,0
9,1511.91,15,167.99,0,0
13,1813.5,25,139.5,0,0
13,1919.06,4,147.62,1,1
16,2310.4,5,144.4,0,1
19,1716.46,28,90.34,0,0
9,1105.83,6,122.87,1,0
14,1520.54,4,108.61,0,1
17,1678.92,11,98.76,0,0
13,1364.35,4,104.95,0,0
13,1753.44,5,134.88,1,1
19,2571.65,6,135.35,1,1
14,1115.8,12,79.7,0,0
11,1771.88,14,161.08,0,0
14,897.12,5,64.08,0,0
8,1099.04,10,137.38,1,0
12,1991.16,2,165.93,0,0
13,672.75,13,51.75,0,0
10,701.2,12,70.12,0,0
9,1209.78,2,134.42,1,1
12,808.32,11,67.36,0,0
14,741.16,9,52.94,0,0
10,1815.1,6,181.51,0,0
11,990.22,23,90.02,0,0
9,577.26,10,64.14,0,0
15,1630.35,7,108.69,0,1
4,693.2,24,173.3,0,0
12,1689,3,140.75,0,0
4,752.32,3,188.08,0,0
5,811.75,9,162.35,0,0
14,1302.7,6,93.05,1,1
8,1183.28,11,147.91,0,0
14,2517.2,7,179.8,0,0
12,994.44,6,82.87,0,0
15,1230.9,7,82.06,0,0
8,1205.68,5,150.71,1,0
13,1756.3,6,135.1,0,1
6,564.36,7,94.06,0,1
12,889.2,8,74.1,0,0
6,391.32,5,65.22,1,0
13,2337.01,6,179.77,1,0
9,1791.09,23,199.01,0,0
7,467.46,9,66.78,0,0
13,2501.07,5,192.39,0,0
5,365.5,12,73.1,0,0
10,968.7,7,96.87,0,0
11,1674.53,10,152.23,0,0
16,1660.96,10,103.81,0,0
13,854.75,7,65.75,0,0
16,1720.48,9,107.53,0,0
15,847.95,11,56.53,0,0
13,1713.4,10,131.8,0,0
16,850.72,4,53.17,0,1
7,657.51,21,93.93,0,0
10,1294.1,9,129.41,0,0
12,1377.72,6,114.81,0,1
11,830.5,6,75.5,1,1
9,1559.43,5,173.27,1,0
8,1533.68,10,191.71,0,0
10,668.6,7,66.86,0,0
10,1887.8,7,188.78,0,1
8,999.68,26,124.96,0,0
11,1450.13,12,131.83,0,0
14,1306.9,8,93.35,0,0
15,1381.5,8,92.1,0,0
8,980.16,9,122.52,1,1
14,1109.36,10,79.24,0,0
8,1506.16,3,188.27,0,1
12,2205.24,12,183.77,0,0
17,1642.37,9,96.61,0,0
8,928.72,9,116.09,0,0
14,813.12,4,58.08,0,0
7,869.54,6,124.22,1,1
10,1428.7,4,142.87,0,1
7,866.88,8,123.84,0,0
9,588.51,9,65.39,0,0
8,1400.88,20,175.11,0,1
7,906.78,1,129.54,1,1
14,1515.5,10,108.25,0,0
10,1937,21,193.7,1,0
13,1839.63,24,141.51,0,0
11,1308.67,9,118.97,0,0
15,2938.05,11,195.87,0,0
10,1019,8,101.9,1,0
9,1540.8,26,171.2,0,0
6,774.6,5,129.1,0,0
14,1504.3,4,107.45,1,1
10,1152.9,11,115.29,0,0
7,1293.88,5,184.84,1,1
17,1029.52,8,60.56,0,0
10,1250.2,8,125.02,0,0
11,1072.94,11,97.54,1,0
10,1302.3,6,130.23,0,0
6,374.1,8,62.35,1,0
12,1599.72,7,133.31,0,0
14,1366.26,7,97.59,1,0
10,1104,8,110.4,0,0
17,886.21,7,52.13,0,0
8,689.44,9,86.18,0,0
8,662.16,9,82.77,0,0
16,1055.68,10,65.98,0,0
9,476.64,9,52.96,0,0
8,1048.32,11,131.04,0,0
16,1932.48,4,120.78,0,1
14,2248.12,3,160.58,0,0
12,936,11,78,0,0
12,775.8,8,64.65,0,0
11,1383.58,25,125.78,0,0
14,2154.74,5,153.91,0,0
12,1152.72,12,96.06,0,0
8,513.68,11,64.21,0,0
12,2236.44,5,186.37,0,1
6,439.38,22,73.23,0,1
10,1110.8,7,111.08,0,1
12,2298.48,10,191.54,0,0
10,1524.6,7,152.46,0,0
10,1107.9,8,110.79,0,0
9,715.59,9,79.51,0,0
15,973.35,9,64.89,0,0
12,953.04,5,79.42,0,1
11,937.42,8,85.22,1,0
13,760.76,7,58.52,0,0
15,2175.9,8,145.06,0,0
11,1119.58,11,101.78,0,0
8,1259.28,5,157.41,1,1
9,1686.42,25,187.38,0,0
7,822.22,9,117.46,0,0
16,3021.28,3,188.83,0,0
16,1286.4,12,80.4,0,0
11,2179.87,8,198.17,0,0
7,1090.04,12,155.72,0,0
11,1620.3,6,147.3,0,0
7,1158.08,8,165.44,0,0
8,1383.2,11,172.9,0,0
7,711.2,5,101.6,0,0
13,1194.83,11,91.91,0,0
14,2167.34,7,154.81,1,0
13,2560.48,25,196.96,0,0
12,2197.32,7,183.11,0,1
7,562.1,5,80.3,0,0
11,1680.47,8,152.77,0,0
12,1349.88,8,112.49,0,1
10,936.8,12,93.68,0,0
12,993.72,7,82.81,0,0
11,595.32,10,54.12,0,1
12,1698.72,4,141.56,1,0
8,1562.24,8,195.28,0,0
15,948,7,63.2,0,1
13,2078.31,8,159.87,0,0
7,699.93,11,99.99,0,0
12,1631.04,11,135.92,0,0
15,1783.05,6,118.87,0,0
14,1496.32,10,106.88,0,0
10,722.7,11,72.27,0,0
8,598,7,74.75,0,0
11,623.15,11,56.65,0,0
12,2302.8,8,191.9,0,0
9,1592.46,2,176.94,0,1
15,2566.8,8,171.12,0,0
9,1177.74,12,130.86,0,0
7,882.77,6,126.11,0,1
12,1398.72,10,116.56,0,0
13,1109.29,7,85.33,0,0
12,1576.2,11,131.35,0,0
10,1472.5,7,147.25,1,0
8,1233.76,6,154.22,0,1
10,1584.5,7,158.45,0,0
14,2269.54,10,162.11,0,0
8,529.44,10,66.18,0,0
13,824.72,6,63.44,1,0
10,1517.6,9,151.76,0,0
8,1375.92,8,171.99,0,0
13,2597.79,10,199.83,0,0
17,1848.92,6,108.76,1,1
15,2589.3,5,172.62,0,0
6,302.4,7,50.4,1,0
11,565.95,7,51.45,0,0
10,1201.7,8,120.17,1,0
7,1355.55,7,193.65,0,0
13,1487.2,10,114.4,0,0
12,1692.48,8,141.04,0,0
4,209.6,7,52.4,0,0
13,1758.77,8,135.29,0,0
13,676.65,9,52.05,0,0
11,924.99,6,84.09,1,1
7,475.65,6,67.95,0,0
7,806.47,12,115.21,0,0
18,1990.98,12,110.61,0,0
11,2170.74,6,197.34,1,1
14,1942.5,10,138.75,0,0
9,950.22,8,105.58,0,0
11,799.59,8,72.69,1,0
16,2756.96,7,172.31,0,0
9,526.32,6,58.48,0,0
11,1908.06,9,173.46,0,0
12,1013.88,10,84.49,0,0
5,470.95,6,94.19,0,1
7,350.84,7,50.12,1,0
9,756.18,12,84.02,0,0
9,1558.08,6,173.12,0,0
9,1327.95,22,147.55,0,0
12,1734.96,11,144.58,0,0
13,1077.96,6,82.92,1,1
20,1534.6,10,76.73,0,0
13,989.95,7,76.15,0,0
12,1866,9,155.5,0,0
9,866.52,5,96.28,0,1
12,631.32,12,52.61,0,0
8,1369.68,25,171.21,0,0
11,1219.13,9,110.83,0,0
14,899.36,10,64.24,0,0
13,1127.23,8,86.71,0,0
16,1032.64,10,64.54,0,0
4,529.72,8,132.43,1,0
12,1107.24,8,92.27,0,0
8,525.12,7,65.64,0,0
9,948.78,13,105.42,0,0
6,962.16,6,160.36,1,0
9,1247.49,14,138.61,0,0
10,1617.4,9,161.74,0,0
14,841.26,5,60.09,1,1
11,1909.6,12,173.6,0,0
7,1354.36,13,193.48,0,0
6,1000.74,10,166.79,0,0
8,1385.2,7,173.15,0,1
10,613.3,9,61.33,0,0
12,2189.76,8,182.48,0,0
5,975.8,13,195.16,0,0
15,1505.7,5,100.38,0,1
7,623.77,9,89.11,0,0
14,1130.5,5,80.75,0,1
16,1164.16,7,72.76,0,0
7,1387.19,5,198.17,0,0
15,2505.45,8,167.03,0,0
12,1945.68,7,162.14,0,0
14,878.64,8,62.76,0,0
7,855.61,9,122.23,1,0
12,1011.12,6,84.26,1,1
9,1174.32,7,130.48,0,1
13,1667.77,7,128.29,0,0
9,981.27,12,109.03,0,0
8,743.04,11,92.88,0,0
15,2560.8,7,170.72,1,0
10,1791.6,10,179.16,0,0
10,1265.2,13,126.52,0,0
15,2485.05,7,165.67,0,1
17,2551.7,12,150.1,0,0
8,696.4,9,87.05,1,0
11,827.86,7,75.26,0,1
14,1017.52,11,72.68,0,0
14,1566.04,6,111.86,0,0
9,1427.67,7,158.63,1,0
7,1106.28,11,158.04,0,0
13,2242.11,9,172.47,0,0
13,1974.44,8,151.88,0,0
10,685.4,8,68.54,1,0
15,1660.65,8,110.71,0,0
12,1906.8,6,158.9,0,0
11,2120.25,23,192.75,1,0
9,1107.63,9,123.07,1,0
10,1278.4,9,127.84,0,0
13,898.3,5,69.1,0,0
15,1383.45,10,92.23,0,0
11,1250.81,8,113.71,0,0
12,1308.36,6,109.03,0,1
10,1853.3,10,185.33,0,0
12,1984.56,7,165.38,1,0
16,2866.4,7,179.15,0,1
12,1457.28,9,121.44,0,0
9,668.79,8,74.31,0,0
15,2402.25,10,160.15,0,1
12,907.2,8,75.6,0,0
13,2260.83,7,173.91,1,0
12,1530.24,8,127.52,0,0
20,3751.4,7,187.57,1,0
12,2250,10,187.5,0,0
6,807.78,13,134.63,0,0
15,2681.25,6,178.75,0,0
12,1993.56,8,166.13,0,0
11,1086.8,5,98.8,0,0
11,2022.68,4,183.88,1,1
11,794.97,13,72.27,0,0
9,1358.37,7,150.93,0,1
14,2379.16,4,169.94,0,0
10,1706.5,5,170.65,1,0
9,494.37,7,54.93,1,1
11,1604.02,9,145.82,0,0
11,1287.33,23,117.03,0,0
9,517.23,2,57.47,1,1
6,799.92,7,133.32,0,0
5,792.3,2,158.46,1,0
9,1517.85,10,168.65,0,0
19,1035.69,10,54.51,0,0
9,685.53,8,76.17,0,0
7,678.37,10,96.91,0,0
18,3350.34,8,186.13,0,0
5,582.55,21,116.51,1,1
10,1847.7,8,184.77,0,1
12,1395.12,7,116.26,0,0
10,1889.5,23,188.95,1,0
10,1089.5,7,108.95,0,0
14,1435.7,12,102.55,0,0
11,1562.55,10,142.05,0,0
14,2332.26,8,166.59,0,0
8,504.8,6,63.1,0,0
16,3195.04,9,199.69,0,0
7,1311.1,24,187.3,0,0
16,1141.28,8,71.33,0,1
12,608.52,12,50.71,0,0
9,757.89,11,84.21,0,0
9,690.57,7,76.73,0,0
13,1905.41,9,146.57,0,0
11,847.11,9,77.01,0,0
11,2084.94,2,189.54,0,0
10,1525.2,13,152.52,0,0
13,2206.23,23,169.71,0,0
11,2094.73,6,190.43,0,0
16,2595.68,4,162.23,0,0
13,2027.22,9,155.94,0,0
8,403.44,12,50.43,0,0
9,450.18,7,50.02,1,0
11,1697.96,8,154.36,0,0
14,1157.38,8,82.67,0,0
9,1626.12,11,180.68,0,0
7,625.66,7,89.38,0,0
11,1983.63,11,180.33,0,0
9,1130.76,9,125.64,1,0
11,1821.71,24,165.61,0,0
10,1152.9,2,115.29,1,0
6,840.6,7,140.1,0,0
7,759.71,7,108.53,0,1
12,1975.8,4,164.65,1,0
7,575.75,11,82.25,0,0
14,2485.14,7,177.51,0,1
11,2178.55,3,198.05,0,0
13,851.24,7,65.48,1,0
10,1059,10,105.9,0,0
13,1889.81,12,145.37,0,0
12,1071.36,9,89.28,0,0
13,1766.05,5,135.85,0,0
14,918.12,7,65.58,1,0
13,1051.18,6,80.86,0,0
10,1810.2,6,181.02,1,0
9,495.54,25,55.06,0,0
10,1583.6,10,158.36,0,0
6,822.48,7,137.08,0,0
9,628.74,4,69.86,1,0
7,737.73,25,105.39,0,0
14,747.88,3,53.42,1,1
7,786.24,3,112.32,0,0
9,990.09,6,110.01,1,0
12,2252.64,9,187.72,0,0
9,1095.93,9,121.77,0,0
8,462.24,22,57.78,0,0
10,843.7,7,84.37,0,0
13,2207.66,7,169.82,0,0
4,718.32,6,179.58,0,0
14,1219.4,6,87.1,1,1
13,1353.3,6,104.1,1,0
8,624.4,8,78.05,0,0
6,382.38,5,63.73,0,0
11,1398.21,11,127.11,0,0
12,1842.72,5,153.56,0,0
13,1557.79,11,119.83,0,0
10,646.4,4,64.64,0,0
11,855.8,9,77.8,1,0
4,204.92,9,51.23,1,0
12,1013.28,11,84.44,0,0
11,1241.57,11,112.87,0,0
11,1132.12,7,102.92,0,0
10,559.6,9,55.96,0,0
6,811.38,3,135.23,0,0
11,964.37,11,87.67,0,0
10,1375.4,24,137.54,0,0
12,2284.32,6,190.36,0,0
12,767.64,23,63.97,0,0
12,1278.72,10,106.56,0,0
8,1250.8,11,156.35,0,0
7,708.12,5,101.16,0,0
9,1180.08,9,131.12,0,0
11,1054.35,10,95.85,0,0
14,2248.82,8,160.63,1,0
11,2052.71,6,186.61,1,1
12,1247.04,12,103.92,0,0
12,1118.64,8,93.22,0,0
12,1099.92,7,91.66,1,1
11,1784.86,5,162.26,1,1
13,2257.58,6,173.66,0,0
9,1333.62,6,148.18,1,0
11,1029.38,7,93.58,0,0
14,1905.12,11,136.08,0,0
9,1548.09,10,172.01,0,0
6,1075.32,10,179.22,0,0
15,1881.75,8,125.45,0,0
15,2520.75,6,168.05,1,0
10,958.6,7,95.86,1,0
6,666.3,8,111.05,0,0
13,1565.98,8,120.46,0,0
12,2136.72,5,178.06,1,0
12,2028,22,169,1,0
15,1528.95,8,101.93,0,0
17,2321.01,12,136.53,0,0
10,1190.7,23,119.07,0,0
11,1979.67,4,179.97,0,1
15,1643.55,21,109.57,0,0
12,1315.08,23,109.59,0,0
12,1451.4,9,120.95,0,0
9,1757.97,7,195.33,0,0
7,994.84,11,142.12,0,0
11,1853.28,7,168.48,1,0
11,1233.54,12,112.14,0,0
10,1655.1,7,165.51,0,0
11,1930.39,9,175.49,0,0
8,1143.04,4,142.88,0,1
12,1419.72,8,118.31,0,0
12,1652.28,16,137.69,0,0
11,1426.37,6,129.67,1,0
12,2271.84,10,189.32,0,0
12,771.36,5,64.28,0,0
16,1121.28,10,70.08,0,0
13,2551.77,10,196.29,0,0
13,937.69,6,72.13,1,0
9,1017.54,9,113.06,0,0
11,2045.67,10,185.97,0,0
11,1159.29,8,105.39,1,0
13,1244.23,14,95.71,0,0
11,576.51,13,52.41,0,0
8,1592.88,10,199.11,0,0
9,1328.31,8,147.59,0,0
15,2284.95,6,152.33,0,0
11,1832.6,9,166.6,0,0
11,1529.55,6,139.05,0,1
9,1109.97,4,123.33,1,0
13,693.29,6,53.33,0,0
13,925.6,7,71.2,0,1
10,753.5,6,75.35,0,0
11,1438.03,5,130.73,0,1
13,1737.71,5,133.67,0,1
11,808.39,8,73.49,0,0
10,1277.3,2,127.73,1,1
10,1895.4,21,189.54,1,1
8,1332.56,4,166.57,1,0
14,1120.28,6,80.02,0,1
11,768.68,24,69.88,0,0
9,1517.49,20,168.61,0,0
15,2051.7,8,136.78,0,0
7,1265.11,5,180.73,1,0
9,1551.96,3,172.44,1,1
10,941.8,8,94.18,0,0
8,790.48,8,98.81,0,1
18,3510.36,10,195.02,0,0
13,871.78,7,67.06,0,1
17,3084.31,9,181.43,0,0
11,1814.89,7,164.99,1,0
17,2031.33,7,119.49,1,1
9,1395,6,155,0,0
9,1471.05,8,163.45,1,0
13,2024.75,7,155.75,0,1
14,1309.84,8,93.56,0,0
11,806.3,10,73.3,0,0
13,920.92,7,70.84,0,0
8,827.92,9,103.49,0,0
8,530.4,12,66.3,0,0
7,858.2,9,122.6,0,0
7,868.63,21,124.09,0,0
10,713.6,4,71.36,0,1
10,546.2,11,54.62,0,0
12,1343.04,11,111.92,0,0
13,2093.78,5,161.06,0,0
13,1850.29,5,142.33,0,0
18,2486.34,9,138.13,0,0
12,1320,11,110,0,0
8,953.28,6,119.16,0,0
9,1203.3,7,133.7,1,1
15,1621.35,9,108.09,0,0
8,461.6,10,57.7,0,0
8,1040.32,6,130.04,0,1
9,964.71,6,107.19,0,1
10,1596.8,10,159.68,0,0
15,799.05,10,53.27,0,0
7,584.99,6,83.57,0,1
15,1067.1,10,71.14,0,0
8,562.56,6,70.32,1,0
6,723.9,10,120.65,0,0
10,1248.9,11,124.89,0,0
11,2054.36,8,186.76,0,0
11,731.28,9,66.48,0,0
12,880.56,5,73.38,0,1
10,1622.1,8,162.21,0,0
15,902.25,14,60.15,0,0
19,2800.41,9,147.39,0,0
9,764.19,9,84.91,0,0
12,1318.2,11,109.85,0,0
13,1870.83,13,143.91,0,0
11,1979.78,5,179.98,1,1
10,1259.9,3,125.99,0,1
13,2453.36,5,188.72,0,0
12,2038.56,3,169.88,0,1
13,1565.98,22,120.46,1,0
10,1602.3,9,160.23,0,0
8,445.68,12,55.71,0,0
10,1646.7,6,164.67,1,0
11,560.34,22,50.94,0,0
12,1016.76,7,84.73,0,0
7,1107.12,9,158.16,0,0
13,2232.88,4,171.76,0,1
10,1223,11,122.3,0,0
6,722.34,8,120.39,0,0
7,948.43,9,135.49,0,0
7,740.95,8,105.85,0,0
12,1411.8,5,117.65,0,1
9,1486.26,11,165.14,0,0
13,980.07,10,75.39,0,0
7,707.91,9,101.13,0,0
8,921.92,11,115.24,0,0
9,653.22,9,72.58,0,0
11,2083.4,9,189.4,0,0
17,1521.67,8,89.51,0,0
10,835.7,9,83.57,0,0
12,1079.64,9,89.97,0,0
7,845.18,10,120.74,0,0
13,2091.31,10,160.87,0,0
13,1409.46,6,108.42,0,1
16,1167.04,7,72.94,0,0
14,1717.38,9,122.67,0,0
10,891.4,10,89.14,0,0
17,2248.08,7,132.24,0,1
6,880.14,13,146.69,0,0
11,1074.04,7,97.64,1,1
10,545.3,6,54.53,0,0
13,2071.68,9,159.36,0,0
6,681.72,9,113.62,0,0
8,608.96,9,76.12,0,0
14,1285.06,14,91.79,0,0
13,2393.82,5,184.14,1,0
15,786.3,9,52.42,0,0
19,1136.39,22,59.81,0,0
11,1169.63,8,106.33,0,0
7,606.34,13,86.62,0,0
9,1734.48,9,192.72,1,0
8,408.24,5,51.03,1,0
9,873.63,11,97.07,0,0
8,508.8,13,63.6,0,0
11,868.56,9,78.96,0,1
14,1368.92,6,97.78,0,0
10,636.8,11,63.68,0,0
15,2914.95,9,194.33,0,0
7,473.13,3,67.59,1,1
11,1465.97,5,133.27,1,0
12,1852.32,8,154.36,0,0
15,2865.6,10,191.04,0,0
13,2238.6,12,172.2,0,0
7,434.56,8,62.08,0,0
13,1174.03,8,90.31,0,0
14,1633.52,9,116.68,0,0
15,1875.75,7,125.05,0,0
6,1175.82,11,195.97,0,0
9,539.1,12,59.9,0,0
10,565.7,7,56.57,0,0
10,685.3,9,68.53,1,0
12,612,7,51,1,0
12,1972.32,7,164.36,0,1
11,1962.4,11,178.4,1,0
10,612.2,24,61.22,0,0
10,1151.3,9,115.13,0,0
14,2093.28,7,149.52,0,0
8,1241.6,7,155.2,0,0
